Workbook

Sheet Posts
A1: Post ID | B1: Platform | C1: Date | D1: Content Type | E1: Post Text | F1: Likes | G1: Shares | H1: Comments | I1: Impressions | J1: Reach | K1: Clicks | L1: Hashtags Used | M1: Campaign_Name | N1: Engagement Rate
A2: P001 | B2: Twitter | C2: 45649 | D2: Reel | E2: Check out our latest reel on twitter! | F2: 1461 | G2: 184 | H2: 344 | I2: 21915 | J2: 21675 | K2: 15 | L2: #FutureOfDriving,#AnytimeIsTeslaTime | M2: CybertruckLaunch | N2: =(F2+G2+H2)/I2 -> 0.090759754
A3: P002 | B3: Twitter | C3: 45750 | D3: Text | E3: Check out our latest text on twitter! | F3: 4054 | G3: 389 | H3: 493 | I3: 64864 | J3: 64383 | K3: 117 | L3: #TeslaCoInnovation,#BetterWithTesla | M3: ModelYCampaign | N3: =(F3+G3+H3)/I3 -> 0.076097681
A4: P003 | B4: YouTube | C4: 45789 | D4: Reel | E4: Check out our latest reel on youtube! | F4: 2795 | G4: 105 | H4: 49 | I4: 53105 | J4: 52307 | K4: 204 | L4: #TeslaCoInnovation | M4: FSDUpdate | N4: =(F4+G4+H4)/I4 -> 0.055531494
A5: P004 | B5: Instagram | C5: 45516 | D5: Story | E5: Check out our latest story on instagram! | F5: 2404 | G5: 363 | H5: 138 | I5: 19232 | J5: 18636 | K5: 128 | L5: #EVRevolution | M5: SustainabilityDrive | N5: =(F5+G5+H5)/I5 -> 0.15105033
A6: P005 | B6: YouTube | C6: 45469 | D6: Reel | E6: Check out our latest reel on youtube! | F6: 3557 | G6: 687 | H6: 424 | I6: 71140 | J6: 70701 | K6: 224 | L6: #EVRevolution,#TeslaCoInnovation | M6: CybertruckLaunch | N6: =(F6+G6+H6)/I6 -> 0.065617093
A7: P006 | B7: Facebook | C7: 45596 | D7: Carousel | E7: Check out our latest carousel on facebook! | F7: 2945 | G7: 930 | H7: 355 | I7: 23560 | J7: 23275 | K7: 256 | L7: #TeslaCoInnovation | M7: ModelYCampaign | N7: =(F7+G7+H7)/I7 -> 0.1795416
A8: P007 | B8: Twitter | C8: 45467 | D8: Carousel | E8: Check out our latest carousel on twitter! | F8: 3860 | G8: 201 | H8: 279 | I8: 61760 | J8: 61660 | K8: 235 | L8: #TeslaCoInnovation | M8: ModelYCampaign | N8: =(F8+G8+H8)/I8 -> 0.070272021
A9: P008 | B9: YouTube | C9: 45486 | D9: Image | E9: Check out our latest image on youtube! | F9: 3929 | G9: 262 | H9: 278 | I9: 43219 | J9: 42841 | K9: 39 | L9: #EVRevolution | M9: SustainabilityDrive | N9: =(F9+G9+H9)/I9 -> 0.1034036
A10: P009 | B10: Facebook | C10: 45534 | D10: Text | E10: Check out our latest text on facebook! | F10: 3784 | G10: 808 | H10: 404 | I10: 56760 | J10: 56343 | K10: 131 | L10: #TeslaCoInnovation | M10: ModelYCampaign | N10: =(F10+G10+H10)/I10 -> 0.088019732
A11: P010 | B11: Facebook | C11: 45727 | D11: Image | E11: Check out our latest image on facebook! | F11: 4241 | G11: 902 | H11: 47 | I11: 72097 | J11: 71598 | K11: 167 | L11: #TeslaCoInnovation | M11: ModelYCampaign | N11: =(F11+G11+H11)/I11 -> 0.071986352
A12: P011 | B12: Instagram | C12: 45690 | D12: Story | E12: Check out our latest story on instagram! | F12: 1792 | G12: 614 | H12: 497 | I12: 25088 | J12: 24675 | K12: 65 | L12: #FutureOfDriving | M12: SustainabilityDrive | N12: =(F12+G12+H12)/I12 -> 0.11571269
A13: P012 | B13: Facebook | C13: 45494 | D13: Reel | E13: Check out our latest reel on facebook! | F13: 1946 | G13: 686 | H13: 377 | I13: 23352 | J13: 22982 | K13: 213 | L13: #FutureOfDriving | M13: FSDUpdate | N13: =(F13+G13+H13)/I13 -> 0.12885406
A14: P013 | B14: YouTube | C14: 45614 | D14: Carousel | E14: Check out our latest carousel on youtube! | F14: 1171 | G14: 286 | H14: 231 | I14: 22249 | J14: 21282 | K14: 114 | L14: #EVRevolution | M14: CybertruckLaunch | N14: =(F14+G14+H14)/I14 -> 0.075868578
A15: P014 | B15: Facebook | C15: 45704 | D15: Story | E15: Check out our latest story on facebook! | F15: 4242 | G15: 555 | H15: 131 | I15: 33936 | J15: 33802 | K15: 265 | L15: #FutureOfDriving | N15: =(F15+G15+H15)/I15 -> 0.14521452
A16: P015 | B16: Facebook | C16: 45589 | D16: Video | E16: Check out our latest video on facebook! | F16: 3888 | G16: 604 | H16: 128 | I16: 77760 | J16: 77167 | K16: 20 | L16: #FutureOfDriving | M16: CybertruckLaunch | N16: =(F16+G16+H16)/I16 -> 0.05941358
A17: P016 | B17: Facebook | C17: 45530 | D17: Text | E17: Check out our latest text on facebook! | F17: 3452 | G17: 377 | H17: 360 | I17: 55232 | J17: 55075 | K17: 87 | L17: #FutureOfDriving | M17: FSDUpdate | N17: =(F17+G17+H17)/I17 -> 0.075843714
A18: P017 | B18: Facebook | C18: 45782 | D18: Text | E18: Check out our latest text on facebook! | F18: 4441 | G18: 511 | H18: 70 | I18: 53292 | J18: 53082 | K18: 159 | L18: #EVRevolution | M18: SustainabilityDrive | N18: =(F18+G18+H18)/I18 -> 0.094235533
A19: P018 | B19: Instagram | C19: 45523 | D19: Reel | E19: Check out our latest reel on instagram! | F19: 3000 | G19: 382 | H19: 325 | I19: 36000 | J19: 35819 | K19: 19 | L19: #FutureOfDriving | M19: CybertruckLaunch | N19: =(F19+G19+H19)/I19 -> 0.10297222
A20: P019 | B20: Instagram | C20: 45466 | D20: Video | E20: Check out our latest video on instagram! | F20: 1071 | G20: 519 | H20: 22 | I20: 16065 | J20: 15865 | K20: 103 | L20: #TeslaCoInnovation | M20: SustainabilityDrive | N20: =(F20+G20+H20)/I20 -> 0.10034236
A21: P020 | B21: Instagram | C21: 45544 | D21: Carousel | E21: Check out our latest carousel on instagram! | F21: 4054 | G21: 488 | H21: 373 | I21: 77026 | J21: 76881 | K21: 25 | L21: #TeslaCoInnovation | M21: CybertruckLaunch | N21: =(F21+G21+H21)/I21 -> 0.063809623
A22: P021 | B22: Instagram | C22: 45661 | D22: Reel | E22: Check out our latest reel on instagram! | F22: 4838 | G22: 640 | H22: 128 | I22: 72570 | J22: 72396 | K22: 83 | L22: #FutureOfDriving | M22: SustainabilityDrive | N22: =(F22+G22+H22)/I22 -> 0.077249552
A23: P022 | B23: Facebook | C23: 45715 | D23: Text | E23: Check out our latest text on facebook! | F23: 1570 | G23: 187 | H23: 260 | I23: 25120 | J23: 24613 | K23: 133 | L23: #TeslaCoInnovation | M23: SustainabilityDrive | N23: =(F23+G23+H23)/I23 -> 0.080294586
A24: P023 | B24: Facebook | C24: 45602 | D24: Video | E24: Check out our latest video on facebook! | F24: 1606 | G24: 547 | H24: 316 | I24: 32120 | J24: 31736 | K24: 225 | L24: #TeslaCoInnovation,#AnytimeIsTeslaTime | M24: ModelYCampaign | N24: =(F24+G24+H24)/I24 -> 0.076867995
A25: P024 | B25: Facebook | C25: 45680 | D25: Video | E25: Check out our latest video on facebook! | F25: 3961 | G25: 761 | H25: 131 | I25: 67337 | J25: 66615 | K25: 161 | L25: #FutureOfDriving | M25: FSDUpdate | N25: =(F25+G25+H25)/I25 -> 0.072070333
A26: P025 | B26: Twitter | C26: 45757 | D26: Carousel | E26: Check out our latest carousel on twitter! | F26: 3128 | G26: 211 | H26: 197 | I26: 59432 | J26: 59182 | K26: 238 | L26: #EVRevolution | N26: =(F26+G26+H26)/I26 -> 0.059496568
A27: P026 | B27: YouTube | C27: 45752 | D27: Reel | E27: Check out our latest reel on youtube! | F27: 3009 | G27: 413 | H27: 358 | I27: 42126 | J27: 41309 | K27: 211 | L27: #FutureOfDriving | M27: ModelYCampaign | N27: =(F27+G27+H27)/I27 -> 0.089730808
A28: P027 | B28: YouTube | C28: 45552 | D28: Text | E28: Check out our latest text on youtube! | F28: 2076 | G28: 195 | H28: 104 | I28: 33216 | J28: 32244 | K28: 51 | L28: #FutureOfDriving | M28: SustainabilityDrive | N28: =(F28+G28+H28)/I28 -> 0.071501686
A29: P028 | B29: Instagram | C29: 45720 | D29: Video | E29: Check out our latest video on instagram! | F29: 432 | G29: 624 | H29: 123 | I29: 6912 | J29: 6259 | K29: 79 | L29: #FutureOfDriving | M29: SustainabilityDrive | N29: =(F29+G29+H29)/I29 -> 0.17057292
A30: P029 | B30: Instagram | C30: 45688 | D30: Carousel | E30: Check out our latest carousel on instagram! | F30: 2566 | G30: 118 | H30: 37 | I30: 12830 | J30: 12264 | K30: 221 | L30: #FutureOfDriving | M30: FSDUpdate | N30: =(F30+G30+H30)/I30 -> 0.21208106
A31: P030 | B31: Instagram | C31: 45713 | D31: Video | E31: Check out our latest video on instagram! | F31: 3095 | G31: 39 | H31: 78 | I31: 55710 | J31: 54808 | K31: 93 | L31: #EVRevolution | N31: =(F31+G31+H31)/I31 -> 0.057655717
A32: P031 | B32: Instagram | C32: 45642 | D32: Text | E32: Check out our latest text on instagram! | F32: 438 | G32: 153 | H32: 275 | I32: 3066 | J32: 2701 | K32: 282 | L32: #TeslaCoInnovation | M32: ModelYCampaign | N32: =(F32+G32+H32)/I32 -> 0.28245271
A33: P032 | B33: Twitter | C33: 45504 | D33: Carousel | E33: Check out our latest carousel on twitter! | F33: 2278 | G33: 10 | H33: 321 | I33: 13668 | J33: 12676 | K33: 275 | L33: #EVRevolution | M33: CybertruckLaunch | N33: =(F33+G33+H33)/I33 -> 0.19088382
A34: P033 | B34: Facebook | C34: 45525 | D34: Image | E34: Check out our latest image on facebook! | F34: 1407 | G34: 400 | H34: 351 | I34: 16884 | J34: 15954 | K34: 113 | L34: #TeslaCoInnovation | M34: CybertruckLaunch | N34: =(F34+G34+H34)/I34 -> 0.12781331
A35: P034 | B35: Facebook | C35: 45742 | D35: Text | E35: Check out our latest text on facebook! | F35: 1652 | G35: 89 | H35: 357 | I35: 29736 | J35: 28771 | K35: 215 | L35: #TeslaCoInnovation | M35: FSDUpdate | N35: =(F35+G35+H35)/I35 -> 0.07055421
A36: P035 | B36: Instagram | C36: 45626 | D36: Video | E36: Check out our latest video on instagram! | F36: 3775 | G36: 16 | H36: 239 | I36: 33975 | J36: 33310 | K36: 271 | L36: #FutureOfDriving | M36: ModelYCampaign | N36: =(F36+G36+H36)/I36 -> 0.11861663
A37: P036 | B37: Instagram | C37: 45766 | D37: Story | E37: Check out our latest story on instagram! | F37: 4518 | G37: 285 | H37: 383 | I37: 67770 | J37: 67621 | K37: 31 | L37: #EVRevolution | M37: ModelYCampaign | N37: =(F37+G37+H37)/I37 -> 0.076523535
A38: P037 | B38: Facebook | C38: 45663 | D38: Carousel | E38: Check out our latest carousel on facebook! | F38: 3024 | G38: 925 | H38: 350 | I38: 24192 | J38: 23518 | K38: 36 | L38: #EVRevolution | M38: ModelYCampaign | N38: =(F38+G38+H38)/I38 -> 0.17770337
A39: P038 | B39: YouTube | C39: 45705 | D39: Reel | E39: Check out our latest reel on youtube! | F39: 3138 | G39: 123 | H39: 291 | I39: 28242 | J39: 27550 | K39: 87 | L39: #TeslaCoInnovation | M39: SustainabilityDrive | N39: =(F39+G39+H39)/I39 -> 0.12577013
A40: P039 | B40: Facebook | C40: 45621 | D40: Image | E40: Check out our latest image on facebook! | F40: 3564 | G40: 629 | H40: 177 | I40: 60588 | J40: 59627 | K40: 92 | L40: #TeslaCoInnovation | N40: =(F40+G40+H40)/I40 -> 0.072126494
A41: P040 | B41: Twitter | C41: 45723 | D41: Image | E41: Check out our latest image on twitter! | F41: 4750 | G41: 151 | H41: 415 | I41: 38000 | J41: 37792 | K41: 299 | L41: #EVRevolution | M41: SustainabilityDrive | N41: =(F41+G41+H41)/I41 -> 0.13989474
A42: P041 | B42: Instagram | C42: 45724 | D42: Reel | E42: Check out our latest reel on instagram! | F42: 456 | G42: 629 | H42: 428 | I42: 8208 | J42: 7377 | K42: 205 | L42: #FutureOfDriving | M42: SustainabilityDrive | N42: =(F42+G42+H42)/I42 -> 0.18433236
A43: P042 | B43: YouTube | C43: 45721 | D43: Reel | E43: Check out our latest reel on youtube! | F43: 1543 | G43: 820 | H43: 333 | I43: 12344 | J43: 11496 | K43: 241 | L43: #EVRevolution | N43: =(F43+G43+H43)/I43 -> 0.2184057
A44: P043 | B44: Instagram | C44: 45640 | D44: Carousel | E44: Check out our latest carousel on instagram! | F44: 2174 | G44: 658 | H44: 15 | I44: 13044 | J44: 12206 | K44: 137 | L44: #TeslaCoInnovation | M44: FSDUpdate | N44: =(F44+G44+H44)/I44 -> 0.21826127
A45: P044 | B45: Twitter | C45: 45718 | D45: Image | E45: Check out our latest image on twitter! | F45: 2358 | G45: 784 | H45: 344 | I45: 35370 | J45: 34475 | K45: 216 | L45: #TeslaCoInnovation | N45: =(F45+G45+H45)/I45 -> 0.0985581
A46: P045 | B46: Facebook | C46: 45597 | D46: Video | E46: Check out our latest video on facebook! | F46: 3371 | G46: 106 | H46: 327 | I46: 50565 | J46: 49816 | K46: 176 | L46: #FutureOfDriving | M46: CybertruckLaunch | N46: =(F46+G46+H46)/I46 -> 0.075229902
A47: P046 | B47: Twitter | C47: 45779 | D47: Video | E47: Check out our latest video on twitter! | F47: 1108 | G47: 177 | H47: 212 | I47: 8864 | J47: 8710 | K47: 97 | L47: #TeslaCoInnovation | M47: SustainabilityDrive | N47: =(F47+G47+H47)/I47 -> 0.16888538
A48: P047 | B48: Twitter | C48: 45712 | D48: Carousel | E48: Check out our latest carousel on twitter! | F48: 2704 | G48: 752 | H48: 153 | I48: 21632 | J48: 20792 | K48: 127 | L48: #FutureOfDriving | N48: =(F48+G48+H48)/I48 -> 0.16683617
A49: P048 | B49: Twitter | C49: 45727 | D49: Story | E49: Check out our latest story on twitter! | F49: 1950 | G49: 295 | H49: 478 | I49: 37050 | J49: 36272 | K49: 119 | L49: #TeslaCoInnovation | N49: =(F49+G49+H49)/I49 -> 0.073495277
A50: P049 | B50: Twitter | C50: 45453 | D50: Story | E50: Check out our latest story on twitter! | F50: 2164 | G50: 549 | H50: 274 | I50: 28132 | J50: 27361 | K50: 177 | L50: #TeslaCoInnovation | M50: SustainabilityDrive | N50: =(F50+G50+H50)/I50 -> 0.10617802
A51: P050 | B51: YouTube | C51: 45476 | D51: Story | E51: Check out our latest story on youtube! | F51: 2754 | G51: 130 | H51: 90 | I51: 22032 | J51: 21288 | K51: 112 | L51: #TeslaCoInnovation | M51: FSDUpdate | N51: =(F51+G51+H51)/I51 -> 0.13498548
A52: P051 | B52: Facebook | C52: 45456 | D52: Carousel | E52: Check out our latest carousel on facebook! | F52: 2200 | G52: 504 | H52: 239 | I52: 37400 | J52: 36938 | K52: 225 | L52: #FutureOfDriving | M52: ModelYCampaign | N52: =(F52+G52+H52)/I52 -> 0.07868984
A53: P052 | B53: Facebook | C53: 45660 | D53: Image | E53: Check out our latest image on facebook! | F53: 947 | G53: 338 | H53: 350 | I53: 10417 | J53: 9730 | K53: 34 | L53: #TeslaCoInnovation | M53: SustainabilityDrive | N53: =(F53+G53+H53)/I53 -> 0.15695498
A54: P053 | B54: YouTube | C54: 45712 | D54: Carousel | E54: Check out our latest carousel on youtube! | F54: 804 | G54: 639 | H54: 43 | I54: 4020 | J54: 3144 | K54: 11 | L54: #EVRevolution,#BetterWithTesla | N54: =(F54+G54+H54)/I54 -> 0.36965174
A55: P054 | B55: YouTube | C55: 45729 | D55: Carousel | E55: Check out our latest carousel on youtube! | F55: 1686 | G55: 904 | H55: 472 | I55: 18546 | J55: 18171 | K55: 52 | L55: #FutureOfDriving | M55: ModelYCampaign | N55: =(F55+G55+H55)/I55 -> 0.16510299
A56: P055 | B56: Facebook | C56: 45460 | D56: Image | E56: Check out our latest image on facebook! | F56: 1226 | G56: 119 | H56: 7 | I56: 14712 | J56: 14049 | K56: 123 | L56: #EVRevolution | M56: SustainabilityDrive | N56: =(F56+G56+H56)/I56 -> 0.091897771
A57: P056 | B57: Facebook | C57: 45644 | D57: Carousel | E57: Check out our latest carousel on facebook! | F57: 2946 | G57: 498 | H57: 367 | I57: 29460 | J57: 28527 | K57: 60 | L57: #FutureOfDriving | M57: FSDUpdate | N57: =(F57+G57+H57)/I57 -> 0.12936185
A58: P057 | B58: Twitter | C58: 45586 | D58: Video | E58: Check out our latest video on twitter! | F58: 2825 | G58: 535 | H58: 295 | I58: 45200 | J58: 44739 | K58: 169 | L58: #TeslaCoInnovation | M58: CybertruckLaunch | N58: =(F58+G58+H58)/I58 -> 0.080862832
A59: P058 | B59: Instagram | C59: 45762 | D59: Reel | E59: Check out our latest reel on instagram! | F59: 103 | G59: 770 | H59: 19 | I59: 1030 | J59: 410 | K59: 262 | L59: #TeslaCoInnovation | M59: SustainabilityDrive | N59: =(F59+G59+H59)/I59 -> 0.86601942
A60: P059 | B60: Instagram | C60: 45465 | D60: Text | E60: Check out our latest text on instagram! | F60: 2180 | G60: 263 | H60: 387 | I60: 30520 | J60: 30059 | K60: 174 | L60: #EVRevolution | N60: =(F60+G60+H60)/I60 -> 0.092726081
A61: P060 | B61: Instagram | C61: 45685 | D61: Video | E61: Check out our latest video on instagram! | F61: 904 | G61: 973 | H61: 63 | I61: 11752 | J61: 11580 | K61: 84 | L61: #EVRevolution,#TeslaCoInnovation,#AnytimeIsTeslaTime | M61: FSDUpdate | N61: =(F61+G61+H61)/I61 -> 0.16507828
A62: P061 | B62: Twitter | C62: 45540 | D62: Video | E62: Check out our latest video on twitter! | F62: 4886 | G62: 983 | H62: 409 | I62: 43974 | J62: 43239 | K62: 65 | L62: #TeslaCoInnovation | M62: CybertruckLaunch | N62: =(F62+G62+H62)/I62 -> 0.14276618
A63: P062 | B63: Twitter | C63: 45618 | D63: Carousel | E63: Check out our latest carousel on twitter! | F63: 53 | G63: 81 | H63: 379 | I63: 954 | J63: 7 | K63: 148 | L63: #TeslaCoInnovation | M63: FSDUpdate | N63: =(F63+G63+H63)/I63 -> 0.53773585
A64: P063 | B64: Twitter | C64: 45504 | D64: Carousel | E64: Check out our latest carousel on twitter! | F64: 4507 | G64: 217 | H64: 13 | I64: 90140 | J64: 89591 | K64: 125 | L64: #FutureOfDriving | M64: FSDUpdate | N64: =(F64+G64+H64)/I64 -> 0.052551586
A65: P064 | B65: Facebook | C65: 45521 | D65: Image | E65: Check out our latest image on facebook! | F65: 2878 | G65: 248 | H65: 416 | I65: 43170 | J65: 42667 | K65: 75 | L65: #FutureOfDriving | M65: FSDUpdate | N65: =(F65+G65+H65)/I65 -> 0.082047718
A66: P065 | B66: Instagram | C66: 45744 | D66: Story | E66: Check out our latest story on instagram! | F66: 1881 | G66: 501 | H66: 99 | I66: 20691 | J66: 19987 | K66: 289 | L66: #EVRevolution | N66: =(F66+G66+H66)/I66 -> 0.11990721
A67: P066 | B67: Twitter | C67: 45499 | D67: Carousel | E67: Check out our latest carousel on twitter! | F67: 432 | G67: 171 | H67: 280 | I67: 3024 | J67: 2285 | K67: 184 | L67: #EVRevolution | M67: CybertruckLaunch | N67: =(F67+G67+H67)/I67 -> 0.29199735
A68: P067 | B68: Facebook | C68: 45745 | D68: Carousel | E68: Check out our latest carousel on facebook! | F68: 4712 | G68: 568 | H68: 127 | I68: 84816 | J68: 84691 | K68: 100 | L68: #EVRevolution | M68: FSDUpdate | N68: =(F68+G68+H68)/I68 -> 0.063749764
A69: P068 | B69: Instagram | C69: 45634 | D69: Story | E69: Check out our latest story on instagram! | F69: 2610 | G69: 126 | H69: 288 | I69: 15660 | J69: 15145 | K69: 73 | L69: #EVRevolution | N69: =(F69+G69+H69)/I69 -> 0.19310345
A70: P069 | B70: Twitter | C70: 45724 | D70: Text | E70: Check out our latest text on twitter! | F70: 1292 | G70: 626 | H70: 496 | I70: 25840 | J70: 24916 | K70: 149 | L70: #FutureOfDriving | M70: FSDUpdate | N70: =(F70+G70+H70)/I70 -> 0.093421053
A71: P070 | B71: Facebook | C71: 45749 | D71: Video | E71: Check out our latest video on facebook! | F71: 199 | G71: 772 | H71: 400 | I71: 3582 | J71: 2988 | K71: 43 | L71: #TeslaCoInnovation | N71: =(F71+G71+H71)/I71 -> 0.38274707
A72: P071 | B72: YouTube | C72: 45537 | D72: Carousel | E72: Check out our latest carousel on youtube! | F72: 2551 | G72: 915 | H72: 205 | I72: 30612 | J72: 30360 | K72: 227 | L72: #TeslaCoInnovation | M72: ModelYCampaign | N72: =(F72+G72+H72)/I72 -> 0.11992029
A73: P072 | B73: YouTube | C73: 45719 | D73: Reel | E73: Check out our latest reel on youtube! | F73: 296 | G73: 60 | H73: 141 | I73: 5624 | J73: 5239 | K73: 88 | L73: #EVRevolution | M73: ModelYCampaign | N73: =(F73+G73+H73)/I73 -> 0.088371266
A74: P073 | B74: Facebook | C74: 45583 | D74: Story | E74: Check out our latest story on facebook! | F74: 4126 | G74: 426 | H74: 486 | I74: 78394 | J74: 77798 | K74: 88 | L74: #FutureOfDriving | M74: SustainabilityDrive | N74: =(F74+G74+H74)/I74 -> 0.064265122
A75: P074 | B75: YouTube | C75: 45593 | D75: Reel | E75: Check out our latest reel on youtube! | F75: 1855 | G75: 200 | H75: 174 | I75: 16695 | J75: 16330 | K75: 123 | L75: #TeslaCoInnovation | M75: FSDUpdate | N75: =(F75+G75+H75)/I75 -> 0.13351303
A76: P075 | B76: Instagram | C76: 45505 | D76: Reel | E76: Check out our latest reel on instagram! | F76: 1674 | G76: 929 | H76: 37 | I76: 21762 | J76: 20998 | K76: 255 | L76: #TeslaCoInnovation | M76: SustainabilityDrive | N76: =(F76+G76+H76)/I76 -> 0.12131238
A77: P076 | B77: Twitter | C77: 45603 | D77: Story | E77: Check out our latest story on twitter! | F77: 1121 | G77: 135 | H77: 18 | I77: 15694 | J77: 14957 | K77: 99 | L77: #TeslaCoInnovation | M77: SustainabilityDrive | N77: =(F77+G77+H77)/I77 -> 0.08117752
A78: P077 | B78: Facebook | C78: 45720 | D78: Story | E78: Check out our latest story on facebook! | F78: 1249 | G78: 116 | H78: 420 | I78: 8743 | J78: 8538 | K78: 63 | L78: #TeslaCoInnovation | N78: =(F78+G78+H78)/I78 -> 0.20416333
A79: P078 | B79: Twitter | C79: 45460 | D79: Image | E79: Check out our latest image on twitter! | F79: 954 | G79: 324 | H79: 288 | I79: 19080 | J79: 18859 | K79: 21 | L79: #FutureOfDriving | M79: SustainabilityDrive | N79: =(F79+G79+H79)/I79 -> 0.082075472
A80: P079 | B80: Instagram | C80: 45574 | D80: Carousel | E80: Check out our latest carousel on instagram! | F80: 3068 | G80: 137 | H80: 329 | I80: 39884 | J80: 39404 | K80: 266 | L80: #EVRevolution | M80: ModelYCampaign | N80: =(F80+G80+H80)/I80 -> 0.08860696
A81: P080 | B81: Instagram | C81: 45456 | D81: Story | E81: Check out our latest story on instagram! | F81: 2103 | G81: 892 | H81: 103 | I81: 39957 | J81: 39466 | K81: 28 | L81: #FutureOfDriving | N81: =(F81+G81+H81)/I81 -> 0.077533348
A82: P081 | B82: Instagram | C82: 45584 | D82: Story | E82: Check out our latest story on instagram! | F82: 1816 | G82: 29 | H82: 41 | I82: 19976 | J82: 19262 | K82: 283 | L82: #TeslaCoInnovation | M82: FSDUpdate | N82: =(F82+G82+H82)/I82 -> 0.094413296
A83: P082 | B83: Instagram | C83: 45497 | D83: Image | E83: Check out our latest image on instagram! | F83: 725 | G83: 88 | H83: 428 | I83: 14500 | J83: 13637 | K83: 200 | L83: #FutureOfDriving,#TeslaCoInnovation,#AnytimeIsTeslaTime | M83: FSDUpdate | N83: =(F83+G83+H83)/I83 -> 0.085586207
A84: P083 | B84: YouTube | C84: 45580 | D84: Video | E84: Check out our latest video on youtube! | F84: 1094 | G84: 472 | H84: 21 | I84: 9846 | J84: 9609 | K84: 112 | L84: #EVRevolution | N84: =(F84+G84+H84)/I84 -> 0.16118221
A85: P084 | B85: Facebook | C85: 45635 | D85: Image | E85: Check out our latest image on facebook! | F85: 1841 | G85: 851 | H85: 342 | I85: 34979 | J85: 34154 | K85: 255 | L85: #FutureOfDriving | M85: SustainabilityDrive | N85: =(F85+G85+H85)/I85 -> 0.086737757
A86: P085 | B86: Instagram | C86: 45766 | D86: Image | E86: Check out our latest image on instagram! | F86: 4177 | G86: 569 | H86: 55 | I86: 25062 | J86: 24847 | K86: 230 | L86: #FutureOfDriving | M86: CybertruckLaunch | N86: =(F86+G86+H86)/I86 -> 0.19156492
A87: P086 | B87: YouTube | C87: 45684 | D87: Text | E87: Check out our latest text on youtube! | F87: 3428 | G87: 305 | H87: 85 | I87: 58276 | J87: 58052 | K87: 242 | L87: #EVRevolution,#BetterWithTesla | M87: SustainabilityDrive | N87: =(F87+G87+H87)/I87 -> 0.065515821
A88: P087 | B88: Twitter | C88: 45449 | D88: Video | E88: Check out our latest video on twitter! | F88: 1436 | G88: 765 | H88: 496 | I88: 12924 | J88: 12701 | K88: 197 | L88: #FutureOfDriving | M88: FSDUpdate | N88: =(F88+G88+H88)/I88 -> 0.20868152
A89: P088 | B89: Facebook | C89: 45480 | D89: Story | E89: Check out our latest story on facebook! | F89: 302 | G89: 47 | H89: 430 | I89: 5738 | J89: 4890 | K89: 25 | L89: #TeslaCoInnovation | M89: SustainabilityDrive | N89: =(F89+G89+H89)/I89 -> 0.13576159
A90: P089 | B90: Twitter | C90: 45667 | D90: Image | E90: Check out our latest image on twitter! | F90: 2214 | G90: 249 | H90: 152 | I90: 15498 | J90: 14800 | K90: 180 | L90: #EVRevolution | N90: =(F90+G90+H90)/I90 -> 0.16873145
A91: P090 | B91: Instagram | C91: 45446 | D91: Image | E91: Check out our latest image on instagram! | F91: 3861 | G91: 960 | H91: 101 | I91: 69498 | J91: 68817 | K91: 297 | L91: #TeslaCoInnovation | M91: SustainabilityDrive | N91: =(F91+G91+H91)/I91 -> 0.070822182
A92: P091 | B92: Facebook | C92: 45740 | D92: Image | E92: Check out our latest image on facebook! | F92: 1263 | G92: 397 | H92: 357 | I92: 25260 | J92: 24615 | K92: 137 | L92: #EVRevolution | M92: SustainabilityDrive | N92: =(F92+G92+H92)/I92 -> 0.079849565
A93: P092 | B93: Twitter | C93: 45586 | D93: Story | E93: Check out our latest story on twitter! | F93: 3801 | G93: 967 | H93: 401 | I93: 38010 | J93: 37625 | K93: 236 | L93: #FutureOfDriving | M93: FSDUpdate | N93: =(F93+G93+H93)/I93 -> 0.13599053
A94: P093 | B94: Instagram | C94: 45637 | D94: Video | E94: Check out our latest video on instagram! | F94: 1431 | G94: 951 | H94: 26 | I94: 8586 | J94: 8396 | K94: 150 | L94: #EVRevolution | M94: FSDUpdate | N94: =(F94+G94+H94)/I94 -> 0.28045656
A95: P094 | B95: Instagram | C95: 45603 | D95: Image | E95: Check out our latest image on instagram! | F95: 2647 | G95: 304 | H95: 170 | I95: 18529 | J95: 17841 | K95: 46 | L95: #FutureOfDriving | M95: FSDUpdate | N95: =(F95+G95+H95)/I95 -> 0.16843866
A96: P095 | B96: Instagram | C96: 45604 | D96: Text | E96: Check out our latest text on instagram! | F96: 3182 | G96: 559 | H96: 160 | I96: 57276 | J96: 56890 | K96: 163 | L96: #FutureOfDriving | M96: SustainabilityDrive | N96: =(F96+G96+H96)/I96 -> 0.068108806
A97: P096 | B97: Twitter | C97: 45545 | D97: Image | E97: Check out our latest image on twitter! | F97: 1238 | G97: 366 | H97: 444 | I97: 19808 | J97: 19334 | K97: 123 | L97: #FutureOfDriving | N97: =(F97+G97+H97)/I97 -> 0.10339257
A98: P097 | B98: Instagram | C98: 45517 | D98: Image | E98: Check out our latest image on instagram! | F98: 4739 | G98: 527 | H98: 135 | I98: 61607 | J98: 61333 | K98: 36 | L98: #TeslaCoInnovation,#AnytimeIsTeslaTime | M98: ModelYCampaign | N98: =(F98+G98+H98)/I98 -> 0.087668609
A99: P098 | B99: Twitter | C99: 45453 | D99: Story | E99: Check out our latest story on twitter! | F99: 1575 | G99: 771 | H99: 486 | I99: 25200 | J99: 24826 | K99: 17 | L99: #FutureOfDriving | M99: SustainabilityDrive | N99: =(F99+G99+H99)/I99 -> 0.11238095
A100: P099 | B100: YouTube | C100: 45475 | D100: Carousel | E100: Check out our latest carousel on youtube! | F100: 4171 | G100: 548 | H100: 86 | I100: 66736 | J100: 66634 | K100: 173 | L100: #FutureOfDriving | M100: FSDUpdate | N100: =(F100+G100+H100)/I100 -> 0.07200012
...

Sheet Campaign Metadata
A1: Campaign_Name | B1: Start_Date | C1: End_Date | D1: Objective | E1: Total_Budget | F1: Target_Platforms | G1: Primary_Hashtags
A2: CybertruckLaunch | B2: 45458 | C2: 45488 | D2: Product Awareness | E2: 150000 | F2: Instagram,Facebook | G2: #EVRevolution,#TeslaCoInnovation
A3: ModelYCampaign | B3: 45566 | C3: 45596 | D3: Customer Engagement | E3: 200000 | F3: Instagram,YouTube | G3: #AnytimeIsTeslaTime,
A4: FSDUpdate | B4: 45651 | C4: 45667 | D4: Vehicle Launch | E4: 250000 | F4: Facebook,Twitter | G4: #SmoothLikeNitroTesla
A5: SustainabilityDrive | B5: 45717 | C5: 45747 | D5: Community Growth | E5: 180000 | F5: Instagram,Twitter | G5: #BetterWithTesla,#FutureOfDriving

Sheet Engagement Summary
A1: Week_Start_Date | B1: Platform | C1: New_Followers | D1: Unfollows | E1: Total_Followers | F1: Engagement_Rate | G1: Ad_Spend
A2: 45446 | B2: Instagram | C2: 1135 | D2: 88 | E2: 344084 | F2: 8.06 | G2: 5904
A3: 45446 | B3: Facebook | C3: 1312 | D3: 310 | E3: 42654 | F3: 4.98 | G3: 9566
A4: 45446 | B4: Twitter | C4: 584 | D4: 169 | E4: 146834 | F4: 8.31 | G4: 26752
A5: 45446 | B5: YouTube | C5: 1535 | D5: 445 | E5: 395536 | F5: 4.11 | G5: 30671
A6: 45453 | B6: Instagram | C6: 656 | D6: 139 | E6: 49157 | F6: 9.05 | G6: 9920
A7: 45453 | B7: Facebook | C7: 1697 | D7: 414 | E7: 316555 | F7: 2.37 | G7: 7924
A8: 45453 | B8: Twitter | C8: 436 | D8: 250 | E8: 254347 | F8: 4.01 | G8: 8912
A9: 45453 | B9: YouTube | C9: 1197 | D9: 203 | E9: 413878 | F9: 3.16 | G9: 21205
A10: 45460 | B10: Instagram | C10: 1048 | D10: 155 | E10: 456946 | F10: 2.46 | G10: 11329
A11: 45460 | B11: Facebook | C11: 1753 | D11: 371 | E11: 169496 | F11: 8.11 | G11: 46670
A12: 45460 | B12: Twitter | C12: 1335 | D12: 40 | E12: 122732 | F12: 8.19 | G12: 22482
A13: 45460 | B13: YouTube | C13: 403 | D13: 66 | E13: 382851 | F13: 3.49 | G13: 24313
... A201: 45789 | B201: YouTube | C201: 119 | D201: 456 | E201: 82558 | F201: 6.81 | G201: 12174

Sheet Task 1A
A1: TASK 1: Cleaned Posts Dataset
A2: Duplicates removed | Dates standardized | Numerics formatted|Each hashtag is split into an individual column
A3: Post ID | B3: Platform | C3: Date | D3: Content Type | E3: Post Text | F3: Likes | G3: Shares | H3: Comments | I3: Impressions | J3: Reach | K3: Clicks | L3: Hashtags Used | O3: Campaign_Name | P3: Reference for Platform Standardization
A4: P001 | B4: Twitter | C4: 45649 | D4: Reel | E4: Check out our latest reel on twitter! | F4: 1461 | G4: 184 | H4: 344 | I4: 21915 | J4: 21675 | K4: 15 | L4: #FutureOfDriving | M4: #AnytimeIsTeslaTime | O4: CybertruckLaunch | Q4: =EXACT(B4,SUBSTITUTE(PROPER(B4),"Youtube","YouTube")) -> TRUE
A5: P002 | B5: Twitter | C5: 45750 | D5: Text | E5: Check out our latest text on twitter! | F5: 4054 | G5: 389 | H5: 493 | I5: 64864 | J5: 64383 | K5: 117 | L5: #TeslaCoInnovation | M5: #BetterWithTesla | O5: ModelYCampaign | Q5: =EXACT(B5,SUBSTITUTE(PROPER(B5),"Youtube","YouTube")) -> TRUE
A6: P003 | B6: YouTube | C6: 45789 | D6: Reel | E6: Check out our latest reel on youtube! | F6: 2795 | G6: 105 | H6: 49 | I6: 53105 | J6: 52307 | K6: 204 | L6: #TeslaCoInnovation | O6: FSDUpdate | Q6: =EXACT(B6,SUBSTITUTE(PROPER(B6),"Youtube","YouTube")) -> TRUE
A7: P004 | B7: Instagram | C7: 45516 | D7: Story | E7: Check out our latest story on instagram! | F7: 2404 | G7: 363 | H7: 138 | I7: 19232 | J7: 18636 | K7: 128 | L7: #EVRevolution | O7: SustainabilityDrive | Q7: =EXACT(B7,SUBSTITUTE(PROPER(B7),"Youtube","YouTube")) -> TRUE
A8: P005 | B8: YouTube | C8: 45469 | D8: Reel | E8: Check out our latest reel on youtube! | F8: 3557 | G8: 687 | H8: 424 | I8: 71140 | J8: 70701 | K8: 224 | L8: #EVRevolution | M8: #TeslaCoInnovation | O8: CybertruckLaunch | Q8: =EXACT(B8,SUBSTITUTE(PROPER(B8),"Youtube","YouTube")) -> TRUE
A9: P006 | B9: Facebook | C9: 45596 | D9: Carousel | E9: Check out our latest carousel on facebook! | F9: 2945 | G9: 930 | H9: 355 | I9: 23560 | J9: 23275 | K9: 256 | L9: #TeslaCoInnovation | O9: ModelYCampaign | Q9: =EXACT(B9,SUBSTITUTE(PROPER(B9),"Youtube","YouTube")) -> TRUE
A10: P007 | B10: Twitter | C10: 45467 | D10: Carousel | E10: Check out our latest carousel on twitter! | F10: 3860 | G10: 201 | H10: 279 | I10: 61760 | J10: 61660 | K10: 235 | L10: #TeslaCoInnovation | O10: ModelYCampaign | Q10: =EXACT(B10,SUBSTITUTE(PROPER(B10),"Youtube","YouTube")) -> TRUE
A11: P008 | B11: YouTube | C11: 45486 | D11: Image | E11: Check out our latest image on youtube! | F11: 3929 | G11: 262 | H11: 278 | I11: 43219 | J11: 42841 | K11: 39 | L11: #EVRevolution | O11: SustainabilityDrive | Q11: =EXACT(B11,SUBSTITUTE(PROPER(B11),"Youtube","YouTube")) -> TRUE
A12: P009 | B12: Facebook | C12: 45534 | D12: Text | E12: Check out our latest text on facebook! | F12: 3784 | G12: 808 | H12: 404 | I12: 56760 | J12: 56343 | K12: 131 | L12: #TeslaCoInnovation | O12: ModelYCampaign | Q12: =EXACT(B12,SUBSTITUTE(PROPER(B12),"Youtube","YouTube")) -> TRUE
A13: P010 | B13: Facebook | C13: 45727 | D13: Image | E13: Check out our latest image on facebook! | F13: 4241 | G13: 902 | H13: 47 | I13: 72097 | J13: 71598 | K13: 167 | L13: #TeslaCoInnovation | O13: ModelYCampaign | Q13: =EXACT(B13,SUBSTITUTE(PROPER(B13),"Youtube","YouTube")) -> TRUE
A14: P011 | B14: Instagram | C14: 45690 | D14: Story | E14: Check out our latest story on instagram! | F14: 1792 | G14: 614 | H14: 497 | I14: 25088 | J14: 24675 | K14: 65 | L14: #FutureOfDriving | O14: SustainabilityDrive | Q14: =EXACT(B14,SUBSTITUTE(PROPER(B14),"Youtube","YouTube")) -> TRUE
A15: P012 | B15: Facebook | C15: 45494 | D15: Reel | E15: Check out our latest reel on facebook! | F15: 1946 | G15: 686 | H15: 377 | I15: 23352 | J15: 22982 | K15: 213 | L15: #FutureOfDriving | O15: FSDUpdate | Q15: =EXACT(B15,SUBSTITUTE(PROPER(B15),"Youtube","YouTube")) -> TRUE
A16: P013 | B16: YouTube | C16: 45614 | D16: Carousel | E16: Check out our latest carousel on youtube! | F16: 1171 | G16: 286 | H16: 231 | I16: 22249 | J16: 21282 | K16: 114 | L16: #EVRevolution | O16: CybertruckLaunch | Q16: =EXACT(B16,SUBSTITUTE(PROPER(B16),"Youtube","YouTube")) -> TRUE
A17: P014 | B17: Facebook | C17: 45704 | D17: Story | E17: Check out our latest story on facebook! | F17: 4242 | G17: 555 | H17: 131 | I17: 33936 | J17: 33802 | K17: 265 | L17: #FutureOfDriving | Q17: =EXACT(B17,SUBSTITUTE(PROPER(B17),"Youtube","YouTube")) -> TRUE
A18: P015 | B18: Facebook | C18: 45589 | D18: Video | E18: Check out our latest video on facebook! | F18: 3888 | G18: 604 | H18: 128 | I18: 77760 | J18: 77167 | K18: 20 | L18: #FutureOfDriving | O18: CybertruckLaunch | Q18: =EXACT(B18,SUBSTITUTE(PROPER(B18),"Youtube","YouTube")) -> TRUE
A19: P016 | B19: Facebook | C19: 45530 | D19: Text | E19: Check out our latest text on facebook! | F19: 3452 | G19: 377 | H19: 360 | I19: 55232 | J19: 55075 | K19: 87 | L19: #FutureOfDriving | O19: FSDUpdate | Q19: =EXACT(B19,SUBSTITUTE(PROPER(B19),"Youtube","YouTube")) -> TRUE
A20: P017 | B20: Facebook | C20: 45782 | D20: Text | E20: Check out our latest text on facebook! | F20: 4441 | G20: 511 | H20: 70 | I20: 53292 | J20: 53082 | K20: 159 | L20: #EVRevolution | O20: SustainabilityDrive | Q20: =EXACT(B20,SUBSTITUTE(PROPER(B20),"Youtube","YouTube")) -> TRUE
A21: P018 | B21: Instagram | C21: 45523 | D21: Reel | E21: Check out our latest reel on instagram! | F21: 3000 | G21: 382 | H21: 325 | I21: 36000 | J21: 35819 | K21: 19 | L21: #FutureOfDriving | O21: CybertruckLaunch | Q21: =EXACT(B21,SUBSTITUTE(PROPER(B21),"Youtube","YouTube")) -> TRUE
A22: P019 | B22: Instagram | C22: 45466 | D22: Video | E22: Check out our latest video on instagram! | F22: 1071 | G22: 519 | H22: 22 | I22: 16065 | J22: 15865 | K22: 103 | L22: #TeslaCoInnovation | O22: SustainabilityDrive | Q22: =EXACT(B22,SUBSTITUTE(PROPER(B22),"Youtube","YouTube")) -> TRUE
A23: P020 | B23: Instagram | C23: 45544 | D23: Carousel | E23: Check out our latest carousel on instagram! | F23: 4054 | G23: 488 | H23: 373 | I23: 77026 | J23: 76881 | K23: 25 | L23: #TeslaCoInnovation | O23: CybertruckLaunch | Q23: =EXACT(B23,SUBSTITUTE(PROPER(B23),"Youtube","YouTube")) -> TRUE
A24: P021 | B24: Instagram | C24: 45661 | D24: Reel | E24: Check out our latest reel on instagram! | F24: 4838 | G24: 640 | H24: 128 | I24: 72570 | J24: 72396 | K24: 83 | L24: #FutureOfDriving | O24: SustainabilityDrive | Q24: =EXACT(B24,SUBSTITUTE(PROPER(B24),"Youtube","YouTube")) -> TRUE
A25: P022 | B25: Facebook | C25: 45715 | D25: Text | E25: Check out our latest text on facebook! | F25: 1570 | G25: 187 | H25: 260 | I25: 25120 | J25: 24613 | K25: 133 | L25: #TeslaCoInnovation | O25: SustainabilityDrive | Q25: =EXACT(B25,SUBSTITUTE(PROPER(B25),"Youtube","YouTube")) -> TRUE
A26: P023 | B26: Facebook | C26: 45602 | D26: Video | E26: Check out our latest video on facebook! | F26: 1606 | G26: 547 | H26: 316 | I26: 32120 | J26: 31736 | K26: 225 | L26: #TeslaCoInnovation | M26: #AnytimeIsTeslaTime | O26: ModelYCampaign | Q26: =EXACT(B26,SUBSTITUTE(PROPER(B26),"Youtube","YouTube")) -> TRUE
A27: P024 | B27: Facebook | C27: 45680 | D27: Video | E27: Check out our latest video on facebook! | F27: 3961 | G27: 761 | H27: 131 | I27: 67337 | J27: 66615 | K27: 161 | L27: #FutureOfDriving | O27: FSDUpdate | Q27: =EXACT(B27,SUBSTITUTE(PROPER(B27),"Youtube","YouTube")) -> TRUE
A28: P025 | B28: Twitter | C28: 45757 | D28: Carousel | E28: Check out our latest carousel on twitter! | F28: 3128 | G28: 211 | H28: 197 | I28: 59432 | J28: 59182 | K28: 238 | L28: #EVRevolution | Q28: =EXACT(B28,SUBSTITUTE(PROPER(B28),"Youtube","YouTube")) -> TRUE
A29: P026 | B29: YouTube | C29: 45752 | D29: Reel | E29: Check out our latest reel on youtube! | F29: 3009 | G29: 413 | H29: 358 | I29: 42126 | J29: 41309 | K29: 211 | L29: #FutureOfDriving | O29: ModelYCampaign | Q29: =EXACT(B29,SUBSTITUTE(PROPER(B29),"Youtube","YouTube")) -> TRUE
A30: P027 | B30: YouTube | C30: 45552 | D30: Text | E30: Check out our latest text on youtube! | F30: 2076 | G30: 195 | H30: 104 | I30: 33216 | J30: 32244 | K30: 51 | L30: #FutureOfDriving | O30: SustainabilityDrive | Q30: =EXACT(B30,SUBSTITUTE(PROPER(B30),"Youtube","YouTube")) -> TRUE
A31: P028 | B31: Instagram | C31: 45720 | D31: Video | E31: Check out our latest video on instagram! | F31: 432 | G31: 624 | H31: 123 | I31: 6912 | J31: 6259 | K31: 79 | L31: #FutureOfDriving | O31: SustainabilityDrive | Q31: =EXACT(B31,SUBSTITUTE(PROPER(B31),"Youtube","YouTube")) -> TRUE
A32: P029 | B32: Instagram | C32: 45688 | D32: Carousel | E32: Check out our latest carousel on instagram! | F32: 2566 | G32: 118 | H32: 37 | I32: 12830 | J32: 12264 | K32: 221 | L32: #FutureOfDriving | O32: FSDUpdate | Q32: =EXACT(B32,SUBSTITUTE(PROPER(B32),"Youtube","YouTube")) -> TRUE
A33: P030 | B33: Instagram | C33: 45713 | D33: Video | E33: Check out our latest video on instagram! | F33: 3095 | G33: 39 | H33: 78 | I33: 55710 | J33: 54808 | K33: 93 | L33: #EVRevolution | Q33: =EXACT(B33,SUBSTITUTE(PROPER(B33),"Youtube","YouTube")) -> TRUE
A34: P031 | B34: Instagram | C34: 45642 | D34: Text | E34: Check out our latest text on instagram! | F34: 438 | G34: 153 | H34: 275 | I34: 3066 | J34: 2701 | K34: 282 | L34: #TeslaCoInnovation | O34: ModelYCampaign | Q34: =EXACT(B34,SUBSTITUTE(PROPER(B34),"Youtube","YouTube")) -> TRUE
A35: P032 | B35: Twitter | C35: 45504 | D35: Carousel | E35: Check out our latest carousel on twitter! | F35: 2278 | G35: 10 | H35: 321 | I35: 13668 | J35: 12676 | K35: 275 | L35: #EVRevolution | O35: CybertruckLaunch | Q35: =EXACT(B35,SUBSTITUTE(PROPER(B35),"Youtube","YouTube")) -> TRUE
A36: P033 | B36: Facebook | C36: 45525 | D36: Image | E36: Check out our latest image on facebook! | F36: 1407 | G36: 400 | H36: 351 | I36: 16884 | J36: 15954 | K36: 113 | L36: #TeslaCoInnovation | O36: CybertruckLaunch | Q36: =EXACT(B36,SUBSTITUTE(PROPER(B36),"Youtube","YouTube")) -> TRUE
A37: P034 | B37: Facebook | C37: 45742 | D37: Text | E37: Check out our latest text on facebook! | F37: 1652 | G37: 89 | H37: 357 | I37: 29736 | J37: 28771 | K37: 215 | L37: #TeslaCoInnovation | O37: FSDUpdate | Q37: =EXACT(B37,SUBSTITUTE(PROPER(B37),"Youtube","YouTube")) -> TRUE
A38: P035 | B38: Instagram | C38: 45626 | D38: Video | E38: Check out our latest video on instagram! | F38: 3775 | G38: 16 | H38: 239 | I38: 33975 | J38: 33310 | K38: 271 | L38: #FutureOfDriving | O38: ModelYCampaign | Q38: =EXACT(B38,SUBSTITUTE(PROPER(B38),"Youtube","YouTube")) -> TRUE
A39: P036 | B39: Instagram | C39: 45766 | D39: Story | E39: Check out our latest story on instagram! | F39: 4518 | G39: 285 | H39: 383 | I39: 67770 | J39: 67621 | K39: 31 | L39: #EVRevolution | O39: ModelYCampaign | Q39: =EXACT(B39,SUBSTITUTE(PROPER(B39),"Youtube","YouTube")) -> TRUE
A40: P037 | B40: Facebook | C40: 45663 | D40: Carousel | E40: Check out our latest carousel on facebook! | F40: 3024 | G40: 925 | H40: 350 | I40: 24192 | J40: 23518 | K40: 36 | L40: #EVRevolution | O40: ModelYCampaign | Q40: =EXACT(B40,SUBSTITUTE(PROPER(B40),"Youtube","YouTube")) -> TRUE
A41: P038 | B41: YouTube | C41: 45705 | D41: Reel | E41: Check out our latest reel on youtube! | F41: 3138 | G41: 123 | H41: 291 | I41: 28242 | J41: 27550 | K41: 87 | L41: #TeslaCoInnovation | O41: SustainabilityDrive | Q41: =EXACT(B41,SUBSTITUTE(PROPER(B41),"Youtube","YouTube")) -> TRUE
A42: P039 | B42: Facebook | C42: 45621 | D42: Image | E42: Check out our latest image on facebook! | F42: 3564 | G42: 629 | H42: 177 | I42: 60588 | J42: 59627 | K42: 92 | L42: #TeslaCoInnovation | Q42: =EXACT(B42,SUBSTITUTE(PROPER(B42),"Youtube","YouTube")) -> TRUE
A43: P040 | B43: Twitter | C43: 45723 | D43: Image | E43: Check out our latest image on twitter! | F43: 4750 | G43: 151 | H43: 415 | I43: 38000 | J43: 37792 | K43: 299 | L43: #EVRevolution | O43: SustainabilityDrive | Q43: =EXACT(B43,SUBSTITUTE(PROPER(B43),"Youtube","YouTube")) -> TRUE
A44: P041 | B44: Instagram | C44: 45724 | D44: Reel | E44: Check out our latest reel on instagram! | F44: 456 | G44: 629 | H44: 428 | I44: 8208 | J44: 7377 | K44: 205 | L44: #FutureOfDriving | O44: SustainabilityDrive | Q44: =EXACT(B44,SUBSTITUTE(PROPER(B44),"Youtube","YouTube")) -> TRUE
A45: P042 | B45: YouTube | C45: 45721 | D45: Reel | E45: Check out our latest reel on youtube! | F45: 1543 | G45: 820 | H45: 333 | I45: 12344 | J45: 11496 | K45: 241 | L45: #EVRevolution | Q45: =EXACT(B45,SUBSTITUTE(PROPER(B45),"Youtube","YouTube")) -> TRUE
A46: P043 | B46: Instagram | C46: 45640 | D46: Carousel | E46: Check out our latest carousel on instagram! | F46: 2174 | G46: 658 | H46: 15 | I46: 13044 | J46: 12206 | K46: 137 | L46: #TeslaCoInnovation | O46: FSDUpdate | Q46: =EXACT(B46,SUBSTITUTE(PROPER(B46),"Youtube","YouTube")) -> TRUE
A47: P044 | B47: Twitter | C47: 45718 | D47: Image | E47: Check out our latest image on twitter! | F47: 2358 | G47: 784 | H47: 344 | I47: 35370 | J47: 34475 | K47: 216 | L47: #TeslaCoInnovation | Q47: =EXACT(B47,SUBSTITUTE(PROPER(B47),"Youtube","YouTube")) -> TRUE
A48: P045 | B48: Facebook | C48: 45597 | D48: Video | E48: Check out our latest video on facebook! | F48: 3371 | G48: 106 | H48: 327 | I48: 50565 | J48: 49816 | K48: 176 | L48: #FutureOfDriving | O48: CybertruckLaunch | Q48: =EXACT(B48,SUBSTITUTE(PROPER(B48),"Youtube","YouTube")) -> TRUE
A49: P046 | B49: Twitter | C49: 45779 | D49: Video | E49: Check out our latest video on twitter! | F49: 1108 | G49: 177 | H49: 212 | I49: 8864 | J49: 8710 | K49: 97 | L49: #TeslaCoInnovation | O49: SustainabilityDrive | Q49: =EXACT(B49,SUBSTITUTE(PROPER(B49),"Youtube","YouTube")) -> TRUE
A50: P047 | B50: Twitter | C50: 45712 | D50: Carousel | E50: Check out our latest carousel on twitter! | F50: 2704 | G50: 752 | H50: 153 | I50: 21632 | J50: 20792 | K50: 127 | L50: #FutureOfDriving | Q50: =EXACT(B50,SUBSTITUTE(PROPER(B50),"Youtube","YouTube")) -> TRUE
A51: P048 | B51: Twitter | C51: 45727 | D51: Story | E51: Check out our latest story on twitter! | F51: 1950 | G51: 295 | H51: 478 | I51: 37050 | J51: 36272 | K51: 119 | L51: #TeslaCoInnovation | Q51: =EXACT(B51,SUBSTITUTE(PROPER(B51),"Youtube","YouTube")) -> TRUE
A52: P049 | B52: Twitter | C52: 45453 | D52: Story | E52: Check out our latest story on twitter! | F52: 2164 | G52: 549 | H52: 274 | I52: 28132 | J52: 27361 | K52: 177 | L52: #TeslaCoInnovation | O52: SustainabilityDrive | Q52: =EXACT(B52,SUBSTITUTE(PROPER(B52),"Youtube","YouTube")) -> TRUE
A53: P050 | B53: YouTube | C53: 45476 | D53: Story | E53: Check out our latest story on youtube! | F53: 2754 | G53: 130 | H53: 90 | I53: 22032 | J53: 21288 | K53: 112 | L53: #TeslaCoInnovation | O53: FSDUpdate | Q53: =EXACT(B53,SUBSTITUTE(PROPER(B53),"Youtube","YouTube")) -> TRUE
A54: P051 | B54: Facebook | C54: 45456 | D54: Carousel | E54: Check out our latest carousel on facebook! | F54: 2200 | G54: 504 | H54: 239 | I54: 37400 | J54: 36938 | K54: 225 | L54: #FutureOfDriving | O54: ModelYCampaign | Q54: =EXACT(B54,SUBSTITUTE(PROPER(B54),"Youtube","YouTube")) -> TRUE
A55: P052 | B55: Facebook | C55: 45660 | D55: Image | E55: Check out our latest image on facebook! | F55: 947 | G55: 338 | H55: 350 | I55: 10417 | J55: 9730 | K55: 34 | L55: #TeslaCoInnovation | O55: SustainabilityDrive | Q55: =EXACT(B55,SUBSTITUTE(PROPER(B55),"Youtube","YouTube")) -> TRUE
A56: P053 | B56: YouTube | C56: 45712 | D56: Carousel | E56: Check out our latest carousel on youtube! | F56: 804 | G56: 639 | H56: 43 | I56: 4020 | J56: 3144 | K56: 11 | L56: #EVRevolution | M56: #BetterWithTesla | Q56: =EXACT(B56,SUBSTITUTE(PROPER(B56),"Youtube","YouTube")) -> TRUE
A57: P054 | B57: YouTube | C57: 45729 | D57: Carousel | E57: Check out our latest carousel on youtube! | F57: 1686 | G57: 904 | H57: 472 | I57: 18546 | J57: 18171 | K57: 52 | L57: #FutureOfDriving | O57: ModelYCampaign | Q57: =EXACT(B57,SUBSTITUTE(PROPER(B57),"Youtube","YouTube")) -> TRUE
A58: P055 | B58: Facebook | C58: 45460 | D58: Image | E58: Check out our latest image on facebook! | F58: 1226 | G58: 119 | H58: 7 | I58: 14712 | J58: 14049 | K58: 123 | L58: #EVRevolution | O58: SustainabilityDrive | Q58: =EXACT(B58,SUBSTITUTE(PROPER(B58),"Youtube","YouTube")) -> TRUE
A59: P056 | B59: Facebook | C59: 45644 | D59: Carousel | E59: Check out our latest carousel on facebook! | F59: 2946 | G59: 498 | H59: 367 | I59: 29460 | J59: 28527 | K59: 60 | L59: #FutureOfDriving | O59: FSDUpdate | Q59: =EXACT(B59,SUBSTITUTE(PROPER(B59),"Youtube","YouTube")) -> TRUE
A60: P057 | B60: Twitter | C60: 45586 | D60: Video | E60: Check out our latest video on twitter! | F60: 2825 | G60: 535 | H60: 295 | I60: 45200 | J60: 44739 | K60: 169 | L60: #TeslaCoInnovation | O60: CybertruckLaunch | Q60: =EXACT(B60,SUBSTITUTE(PROPER(B60),"Youtube","YouTube")) -> TRUE
A61: P058 | B61: Instagram | C61: 45762 | D61: Reel | E61: Check out our latest reel on instagram! | F61: 103 | G61: 770 | H61: 19 | I61: 1030 | J61: 410 | K61: 262 | L61: #TeslaCoInnovation | O61: SustainabilityDrive | Q61: =EXACT(B61,SUBSTITUTE(PROPER(B61),"Youtube","YouTube")) -> TRUE
A62: P059 | B62: Instagram | C62: 45465 | D62: Text | E62: Check out our latest text on instagram! | F62: 2180 | G62: 263 | H62: 387 | I62: 30520 | J62: 30059 | K62: 174 | L62: #EVRevolution | Q62: =EXACT(B62,SUBSTITUTE(PROPER(B62),"Youtube","YouTube")) -> TRUE
A63: P060 | B63: Instagram | C63: 45685 | D63: Video | E63: Check out our latest video on instagram! | F63: 904 | G63: 973 | H63: 63 | I63: 11752 | J63: 11580 | K63: 84 | L63: #EVRevolution | M63: #TeslaCoInnovation | N63: #AnytimeIsTeslaTime | O63: FSDUpdate | Q63: =EXACT(B63,SUBSTITUTE(PROPER(B63),"Youtube","YouTube")) -> TRUE
A64: P061 | B64: Twitter | C64: 45540 | D64: Video | E64: Check out our latest video on twitter! | F64: 4886 | G64: 983 | H64: 409 | I64: 43974 | J64: 43239 | K64: 65 | L64: #TeslaCoInnovation | O64: CybertruckLaunch | Q64: =EXACT(B64,SUBSTITUTE(PROPER(B64),"Youtube","YouTube")) -> TRUE
A65: P062 | B65: Twitter | C65: 45618 | D65: Carousel | E65: Check out our latest carousel on twitter! | F65: 53 | G65: 81 | H65: 379 | I65: 954 | J65: 7 | K65: 148 | L65: #TeslaCoInnovation | O65: FSDUpdate | Q65: =EXACT(B65,SUBSTITUTE(PROPER(B65),"Youtube","YouTube")) -> TRUE
A66: P063 | B66: Twitter | C66: 45504 | D66: Carousel | E66: Check out our latest carousel on twitter! | F66: 4507 | G66: 217 | H66: 13 | I66: 90140 | J66: 89591 | K66: 125 | L66: #FutureOfDriving | O66: FSDUpdate | Q66: =EXACT(B66,SUBSTITUTE(PROPER(B66),"Youtube","YouTube")) -> TRUE
A67: P064 | B67: Facebook | C67: 45521 | D67: Image | E67: Check out our latest image on facebook! | F67: 2878 | G67: 248 | H67: 416 | I67: 43170 | J67: 42667 | K67: 75 | L67: #FutureOfDriving | O67: FSDUpdate | Q67: =EXACT(B67,SUBSTITUTE(PROPER(B67),"Youtube","YouTube")) -> TRUE
A68: P065 | B68: Instagram | C68: 45744 | D68: Story | E68: Check out our latest story on instagram! | F68: 1881 | G68: 501 | H68: 99 | I68: 20691 | J68: 19987 | K68: 289 | L68: #EVRevolution | Q68: =EXACT(B68,SUBSTITUTE(PROPER(B68),"Youtube","YouTube")) -> TRUE
A69: P066 | B69: Twitter | C69: 45499 | D69: Carousel | E69: Check out our latest carousel on twitter! | F69: 432 | G69: 171 | H69: 280 | I69: 3024 | J69: 2285 | K69: 184 | L69: #EVRevolution | O69: CybertruckLaunch | Q69: =EXACT(B69,SUBSTITUTE(PROPER(B69),"Youtube","YouTube")) -> TRUE
A70: P067 | B70: Facebook | C70: 45745 | D70: Carousel | E70: Check out our latest carousel on facebook! | F70: 4712 | G70: 568 | H70: 127 | I70: 84816 | J70: 84691 | K70: 100 | L70: #EVRevolution | O70: FSDUpdate | Q70: =EXACT(B70,SUBSTITUTE(PROPER(B70),"Youtube","YouTube")) -> TRUE
A71: P068 | B71: Instagram | C71: 45634 | D71: Story | E71: Check out our latest story on instagram! | F71: 2610 | G71: 126 | H71: 288 | I71: 15660 | J71: 15145 | K71: 73 | L71: #EVRevolution | Q71: =EXACT(B71,SUBSTITUTE(PROPER(B71),"Youtube","YouTube")) -> TRUE
A72: P069 | B72: Twitter | C72: 45724 | D72: Text | E72: Check out our latest text on twitter! | F72: 1292 | G72: 626 | H72: 496 | I72: 25840 | J72: 24916 | K72: 149 | L72: #FutureOfDriving | O72: FSDUpdate | Q72: =EXACT(B72,SUBSTITUTE(PROPER(B72),"Youtube","YouTube")) -> TRUE
A73: P070 | B73: Facebook | C73: 45749 | D73: Video | E73: Check out our latest video on facebook! | F73: 199 | G73: 772 | H73: 400 | I73: 3582 | J73: 2988 | K73: 43 | L73: #TeslaCoInnovation | Q73: =EXACT(B73,SUBSTITUTE(PROPER(B73),"Youtube","YouTube")) -> TRUE
A74: P071 | B74: YouTube | C74: 45537 | D74: Carousel | E74: Check out our latest carousel on youtube! | F74: 2551 | G74: 915 | H74: 205 | I74: 30612 | J74: 30360 | K74: 227 | L74: #TeslaCoInnovation | O74: ModelYCampaign | Q74: =EXACT(B74,SUBSTITUTE(PROPER(B74),"Youtube","YouTube")) -> TRUE
A75: P072 | B75: YouTube | C75: 45719 | D75: Reel | E75: Check out our latest reel on youtube! | F75: 296 | G75: 60 | H75: 141 | I75: 5624 | J75: 5239 | K75: 88 | L75: #EVRevolution | O75: ModelYCampaign | Q75: =EXACT(B75,SUBSTITUTE(PROPER(B75),"Youtube","YouTube")) -> TRUE
A76: P073 | B76: Facebook | C76: 45583 | D76: Story | E76: Check out our latest story on facebook! | F76: 4126 | G76: 426 | H76: 486 | I76: 78394 | J76: 77798 | K76: 88 | L76: #FutureOfDriving | O76: SustainabilityDrive | Q76: =EXACT(B76,SUBSTITUTE(PROPER(B76),"Youtube","YouTube")) -> TRUE
A77: P074 | B77: YouTube | C77: 45593 | D77: Reel | E77: Check out our latest reel on youtube! | F77: 1855 | G77: 200 | H77: 174 | I77: 16695 | J77: 16330 | K77: 123 | L77: #TeslaCoInnovation | O77: FSDUpdate | Q77: =EXACT(B77,SUBSTITUTE(PROPER(B77),"Youtube","YouTube")) -> TRUE
A78: P075 | B78: Instagram | C78: 45505 | D78: Reel | E78: Check out our latest reel on instagram! | F78: 1674 | G78: 929 | H78: 37 | I78: 21762 | J78: 20998 | K78: 255 | L78: #TeslaCoInnovation | O78: SustainabilityDrive | Q78: =EXACT(B78,SUBSTITUTE(PROPER(B78),"Youtube","YouTube")) -> TRUE
A79: P076 | B79: Twitter | C79: 45603 | D79: Story | E79: Check out our latest story on twitter! | F79: 1121 | G79: 135 | H79: 18 | I79: 15694 | J79: 14957 | K79: 99 | L79: #TeslaCoInnovation | O79: SustainabilityDrive | Q79: =EXACT(B79,SUBSTITUTE(PROPER(B79),"Youtube","YouTube")) -> TRUE
A80: P077 | B80: Facebook | C80: 45720 | D80: Story | E80: Check out our latest story on facebook! | F80: 1249 | G80: 116 | H80: 420 | I80: 8743 | J80: 8538 | K80: 63 | L80: #TeslaCoInnovation | Q80: =EXACT(B80,SUBSTITUTE(PROPER(B80),"Youtube","YouTube")) -> TRUE
A81: P078 | B81: Twitter | C81: 45460 | D81: Image | E81: Check out our latest image on twitter! | F81: 954 | G81: 324 | H81: 288 | I81: 19080 | J81: 18859 | K81: 21 | L81: #FutureOfDriving | O81: SustainabilityDrive | Q81: =EXACT(B81,SUBSTITUTE(PROPER(B81),"Youtube","YouTube")) -> TRUE
A82: P079 | B82: Instagram | C82: 45574 | D82: Carousel | E82: Check out our latest carousel on instagram! | F82: 3068 | G82: 137 | H82: 329 | I82: 39884 | J82: 39404 | K82: 266 | L82: #EVRevolution | O82: ModelYCampaign | Q82: =EXACT(B82,SUBSTITUTE(PROPER(B82),"Youtube","YouTube")) -> TRUE
A83: P080 | B83: Instagram | C83: 45456 | D83: Story | E83: Check out our latest story on instagram! | F83: 2103 | G83: 892 | H83: 103 | I83: 39957 | J83: 39466 | K83: 28 | L83: #FutureOfDriving | Q83: =EXACT(B83,SUBSTITUTE(PROPER(B83),"Youtube","YouTube")) -> TRUE
A84: P081 | B84: Instagram | C84: 45584 | D84: Story | E84: Check out our latest story on instagram! | F84: 1816 | G84: 29 | H84: 41 | I84: 19976 | J84: 19262 | K84: 283 | L84: #TeslaCoInnovation | O84: FSDUpdate | Q84: =EXACT(B84,SUBSTITUTE(PROPER(B84),"Youtube","YouTube")) -> TRUE
A85: P082 | B85: Instagram | C85: 45497 | D85: Image | E85: Check out our latest image on instagram! | F85: 725 | G85: 88 | H85: 428 | I85: 14500 | J85: 13637 | K85: 200 | L85: #FutureOfDriving | M85: #TeslaCoInnovation | N85: #AnytimeIsTeslaTime | O85: FSDUpdate | Q85: =EXACT(B85,SUBSTITUTE(PROPER(B85),"Youtube","YouTube")) -> TRUE
A86: P083 | B86: YouTube | C86: 45580 | D86: Video | E86: Check out our latest video on youtube! | F86: 1094 | G86: 472 | H86: 21 | I86: 9846 | J86: 9609 | K86: 112 | L86: #EVRevolution | Q86: =EXACT(B86,SUBSTITUTE(PROPER(B86),"Youtube","YouTube")) -> TRUE
A87: P084 | B87: Facebook | C87: 45635 | D87: Image | E87: Check out our latest image on facebook! | F87: 1841 | G87: 851 | H87: 342 | I87: 34979 | J87: 34154 | K87: 255 | L87: #FutureOfDriving | O87: SustainabilityDrive | Q87: =EXACT(B87,SUBSTITUTE(PROPER(B87),"Youtube","YouTube")) -> TRUE
A88: P085 | B88: Instagram | C88: 45766 | D88: Image | E88: Check out our latest image on instagram! | F88: 4177 | G88: 569 | H88: 55 | I88: 25062 | J88: 24847 | K88: 230 | L88: #FutureOfDriving | O88: CybertruckLaunch | Q88: =EXACT(B88,SUBSTITUTE(PROPER(B88),"Youtube","YouTube")) -> TRUE
A89: P086 | B89: YouTube | C89: 45684 | D89: Text | E89: Check out our latest text on youtube! | F89: 3428 | G89: 305 | H89: 85 | I89: 58276 | J89: 58052 | K89: 242 | L89: #EVRevolution | M89: #BetterWithTesla | O89: SustainabilityDrive | Q89: =EXACT(B89,SUBSTITUTE(PROPER(B89),"Youtube","YouTube")) -> TRUE
A90: P087 | B90: Twitter | C90: 45449 | D90: Video | E90: Check out our latest video on twitter! | F90: 1436 | G90: 765 | H90: 496 | I90: 12924 | J90: 12701 | K90: 197 | L90: #FutureOfDriving | O90: FSDUpdate | Q90: =EXACT(B90,SUBSTITUTE(PROPER(B90),"Youtube","YouTube")) -> TRUE
A91: P088 | B91: Facebook | C91: 45480 | D91: Story | E91: Check out our latest story on facebook! | F91: 302 | G91: 47 | H91: 430 | I91: 5738 | J91: 4890 | K91: 25 | L91: #TeslaCoInnovation | O91: SustainabilityDrive | Q91: =EXACT(B91,SUBSTITUTE(PROPER(B91),"Youtube","YouTube")) -> TRUE
A92: P089 | B92: Twitter | C92: 45667 | D92: Image | E92: Check out our latest image on twitter! | F92: 2214 | G92: 249 | H92: 152 | I92: 15498 | J92: 14800 | K92: 180 | L92: #EVRevolution | Q92: =EXACT(B92,SUBSTITUTE(PROPER(B92),"Youtube","YouTube")) -> TRUE
A93: P090 | B93: Instagram | C93: 45446 | D93: Image | E93: Check out our latest image on instagram! | F93: 3861 | G93: 960 | H93: 101 | I93: 69498 | J93: 68817 | K93: 297 | L93: #TeslaCoInnovation | O93: SustainabilityDrive | Q93: =EXACT(B93,SUBSTITUTE(PROPER(B93),"Youtube","YouTube")) -> TRUE
A94: P091 | B94: Facebook | C94: 45740 | D94: Image | E94: Check out our latest image on facebook! | F94: 1263 | G94: 397 | H94: 357 | I94: 25260 | J94: 24615 | K94: 137 | L94: #EVRevolution | O94: SustainabilityDrive | Q94: =EXACT(B94,SUBSTITUTE(PROPER(B94),"Youtube","YouTube")) -> TRUE
A95: P092 | B95: Twitter | C95: 45586 | D95: Story | E95: Check out our latest story on twitter! | F95: 3801 | G95: 967 | H95: 401 | I95: 38010 | J95: 37625 | K95: 236 | L95: #FutureOfDriving | O95: FSDUpdate | Q95: =EXACT(B95,SUBSTITUTE(PROPER(B95),"Youtube","YouTube")) -> TRUE
A96: P093 | B96: Instagram | C96: 45637 | D96: Video | E96: Check out our latest video on instagram! | F96: 1431 | G96: 951 | H96: 26 | I96: 8586 | J96: 8396 | K96: 150 | L96: #EVRevolution | O96: FSDUpdate | Q96: =EXACT(B96,SUBSTITUTE(PROPER(B96),"Youtube","YouTube")) -> TRUE
A97: P094 | B97: Instagram | C97: 45603 | D97: Image | E97: Check out our latest image on instagram! | F97: 2647 | G97: 304 | H97: 170 | I97: 18529 | J97: 17841 | K97: 46 | L97: #FutureOfDriving | O97: FSDUpdate | Q97: =EXACT(B97,SUBSTITUTE(PROPER(B97),"Youtube","YouTube")) -> TRUE
A98: P095 | B98: Instagram | C98: 45604 | D98: Text | E98: Check out our latest text on instagram! | F98: 3182 | G98: 559 | H98: 160 | I98: 57276 | J98: 56890 | K98: 163 | L98: #FutureOfDriving | O98: SustainabilityDrive | Q98: =EXACT(B98,SUBSTITUTE(PROPER(B98),"Youtube","YouTube")) -> TRUE
A99: P096 | B99: Twitter | C99: 45545 | D99: Image | E99: Check out our latest image on twitter! | F99: 1238 | G99: 366 | H99: 444 | I99: 19808 | J99: 19334 | K99: 123 | L99: #FutureOfDriving | Q99: =EXACT(B99,SUBSTITUTE(PROPER(B99),"Youtube","YouTube")) -> TRUE
A100: P097 | B100: Instagram | C100: 45517 | D100: Image | E100: Check out our latest image on instagram! | F100: 4739 | G100: 527 | H100: 135 | I100: 61607 | J100: 61333 | K100: 36 | L100: #TeslaCoInnovation | M100: #AnytimeIsTeslaTime | O100: ModelYCampaign | Q100: =EXACT(B100,SUBSTITUTE(PROPER(B100),"Youtube","YouTube")) -> TRUE
...

Sheet Task 1B
A1: TASK 1: Cleansed Data
A2: Numerics Formatted
A3: Week_Start_Date | B3: Platform | C3: New_Followers | D3: Unfollows | E3: Total_Followers | F3: Engagement_Rate | G3: Ad_Spend
A4: 45446 | B4: Instagram | C4: 1135 | D4: 88 | E4: 344084 | F4: 8.06 | G4: 5904
A5: 45446 | B5: Facebook | C5: 1312 | D5: 310 | E5: 42654 | F5: 4.98 | G5: 9566
A6: 45446 | B6: Twitter | C6: 584 | D6: 169 | E6: 146834 | F6: 8.31 | G6: 26752
A7: 45446 | B7: YouTube | C7: 1535 | D7: 445 | E7: 395536 | F7: 4.11 | G7: 30671
A8: 45453 | B8: Instagram | C8: 656 | D8: 139 | E8: 49157 | F8: 9.05 | G8: 9920
A9: 45453 | B9: Facebook | C9: 1697 | D9: 414 | E9: 316555 | F9: 2.37 | G9: 7924
A10: 45453 | B10: Twitter | C10: 436 | D10: 250 | E10: 254347 | F10: 4.01 | G10: 8912
A11: 45453 | B11: YouTube | C11: 1197 | D11: 203 | E11: 413878 | F11: 3.16 | G11: 21205
A12: 45460 | B12: Instagram | C12: 1048 | D12: 155 | E12: 456946 | F12: 2.46 | G12: 11329
A13: 45460 | B13: Facebook | C13: 1753 | D13: 371 | E13: 169496 | F13: 8.11 | G13: 46670
A14: 45460 | B14: Twitter | C14: 1335 | D14: 40 | E14: 122732 | F14: 8.19 | G14: 22482
A15: 45460 | B15: YouTube | C15: 403 | D15: 66 | E15: 382851 | F15: 3.49 | G15: 24313
... A203: 45789 | B203: YouTube | C203: 119 | D203: 456 | E203: 82558 | F203: 6.81 | G203: 12174

Sheet Hashtag Split in Rows
A1: Post ID | B1: Platform | C1: Date | D1: Content Type | E1: Post Text | F1: Likes | G1: Shares | H1: Comments | I1: Impressions | J1: Reach | K1: Clicks | L1: Hashtags Used | M1: Campaign_Name | N1: Engagement Rate
A2: P001 | B2: Twitter | C2: 45649 | D2: Reel | E2: Check out our latest reel on twitter! | F2: 1461 | G2: 184 | H2: 344 | I2: 21915 | J2: 21675 | K2: 15 | L2: #FutureOfDriving | M2: CybertruckLaunch | N2: =(F2+G2+H2)/I2 -> 0.090759754
A3: P001 | B3: Twitter | C3: 45649 | D3: Reel | E3: Check out our latest reel on twitter! | F3: 1461 | G3: 184 | H3: 344 | I3: 21915 | J3: 21675 | K3: 15 | L3: #AnytimeIsTeslaTime | M3: CybertruckLaunch | N3: =(F3+G3+H3)/I3 -> 0.090759754
A4: P002 | B4: Twitter | C4: 45750 | D4: Text | E4: Check out our latest text on twitter! | F4: 4054 | G4: 389 | H4: 493 | I4: 64864 | J4: 64383 | K4: 117 | L4: #TeslaCoInnovation | M4: ModelYCampaign | N4: =(F4+G4+H4)/I4 -> 0.076097681
A5: P002 | B5: Twitter | C5: 45750 | D5: Text | E5: Check out our latest text on twitter! | F5: 4054 | G5: 389 | H5: 493 | I5: 64864 | J5: 64383 | K5: 117 | L5: #BetterWithTesla | M5: ModelYCampaign | N5: =(F5+G5+H5)/I5 -> 0.076097681
A6: P003 | B6: YouTube | C6: 45789 | D6: Reel | E6: Check out our latest reel on youtube! | F6: 2795 | G6: 105 | H6: 49 | I6: 53105 | J6: 52307 | K6: 204 | L6: #TeslaCoInnovation | M6: FSDUpdate | N6: =(F6+G6+H6)/I6 -> 0.055531494
A7: P004 | B7: Instagram | C7: 45516 | D7: Story | E7: Check out our latest story on instagram! | F7: 2404 | G7: 363 | H7: 138 | I7: 19232 | J7: 18636 | K7: 128 | L7: #EVRevolution | M7: SustainabilityDrive | N7: =(F7+G7+H7)/I7 -> 0.15105033
A8: P005 | B8: YouTube | C8: 45469 | D8: Reel | E8: Check out our latest reel on youtube! | F8: 3557 | G8: 687 | H8: 424 | I8: 71140 | J8: 70701 | K8: 224 | L8: #EVRevolution | M8: CybertruckLaunch | N8: =(F8+G8+H8)/I8 -> 0.065617093
A9: P005 | B9: YouTube | C9: 45469 | D9: Reel | E9: Check out our latest reel on youtube! | F9: 3557 | G9: 687 | H9: 424 | I9: 71140 | J9: 70701 | K9: 224 | L9: #TeslaCoInnovation | M9: CybertruckLaunch | N9: =(F9+G9+H9)/I9 -> 0.065617093
A10: P006 | B10: Facebook | C10: 45596 | D10: Carousel | E10: Check out our latest carousel on facebook! | F10: 2945 | G10: 930 | H10: 355 | I10: 23560 | J10: 23275 | K10: 256 | L10: #TeslaCoInnovation | M10: ModelYCampaign | N10: =(F10+G10+H10)/I10 -> 0.1795416
A11: P007 | B11: Twitter | C11: 45467 | D11: Carousel | E11: Check out our latest carousel on twitter! | F11: 3860 | G11: 201 | H11: 279 | I11: 61760 | J11: 61660 | K11: 235 | L11: #TeslaCoInnovation | M11: ModelYCampaign | N11: =(F11+G11+H11)/I11 -> 0.070272021
A12: P008 | B12: YouTube | C12: 45486 | D12: Image | E12: Check out our latest image on youtube! | F12: 3929 | G12: 262 | H12: 278 | I12: 43219 | J12: 42841 | K12: 39 | L12: #EVRevolution | M12: SustainabilityDrive | N12: =(F12+G12+H12)/I12 -> 0.1034036
A13: P009 | B13: Facebook | C13: 45534 | D13: Text | E13: Check out our latest text on facebook! | F13: 3784 | G13: 808 | H13: 404 | I13: 56760 | J13: 56343 | K13: 131 | L13: #TeslaCoInnovation | M13: ModelYCampaign | N13: =(F13+G13+H13)/I13 -> 0.088019732
... A17: P013 | B17: YouTube | C17: 45614 | D17: Carousel | E17: Check out our latest carousel on youtube! | F17: 1171 | G17: 286 | H17: 231 | I17: 22249 | J17: 21282 | K17: 114 | L17: #EVRevolution | M17: CybertruckLaunch | N17: =(F17+G17+H17)/I17 -> 0.075868578
A18: P014 | B18: Facebook | C18: 45704 | D18: Story | E18: Check out our latest story on facebook! | F18: 4242 | G18: 555 | H18: 131 | I18: 33936 | J18: 33802 | K18: 265 | L18: #FutureOfDriving | N18: =(F18+G18+H18)/I18 -> 0.14521452
A19: P015 | B19: Facebook | C19: 45589 | D19: Video | E19: Check out our latest video on facebook! | F19: 3888 | G19: 604 | H19: 128 | I19: 77760 | J19: 77167 | K19: 20 | L19: #FutureOfDriving | M19: CybertruckLaunch | N19: =(F19+G19+H19)/I19 -> 0.05941358
A20: P016 | B20: Facebook | C20: 45530 | D20: Text | E20: Check out our latest text on facebook! | F20: 3452 | G20: 377 | H20: 360 | I20: 55232 | J20: 55075 | K20: 87 | L20: #FutureOfDriving | M20: FSDUpdate | N20: =(F20+G20+H20)/I20 -> 0.075843714
A21: P017 | B21: Facebook | C21: 45782 | D21: Text | E21: Check out our latest text on facebook! | F21: 4441 | G21: 511 | H21: 70 | I21: 53292 | J21: 53082 | K21: 159 | L21: #EVRevolution | M21: SustainabilityDrive | N21: =(F21+G21+H21)/I21 -> 0.094235533
A22: P018 | B22: Instagram | C22: 45523 | D22: Reel | E22: Check out our latest reel on instagram! | F22: 3000 | G22: 382 | H22: 325 | I22: 36000 | J22: 35819 | K22: 19 | L22: #FutureOfDriving | M22: CybertruckLaunch | N22: =(F22+G22+H22)/I22 -> 0.10297222
A23: P019 | B23: Instagram | C23: 45466 | D23: Video | E23: Check out our latest video on instagram! | F23: 1071 | G23: 519 | H23: 22 | I23: 16065 | J23: 15865 | K23: 103 | L23: #TeslaCoInnovation | M23: SustainabilityDrive | N23: =(F23+G23+H23)/I23 -> 0.10034236
A24: P020 | B24: Instagram | C24: 45544 | D24: Carousel | E24: Check out our latest carousel on instagram! | F24: 4054 | G24: 488 | H24: 373 | I24: 77026 | J24: 76881 | K24: 25 | L24: #TeslaCoInnovation | M24: CybertruckLaunch | N24: =(F24+G24+H24)/I24 -> 0.063809623
A25: P021 | B25: Instagram | C25: 45661 | D25: Reel | E25: Check out our latest reel on instagram! | F25: 4838 | G25: 640 | H25: 128 | I25: 72570 | J25: 72396 | K25: 83 | L25: #FutureOfDriving | M25: SustainabilityDrive | N25: =(F25+G25+H25)/I25 -> 0.077249552
A26: P022 | B26: Facebook | C26: 45715 | D26: Text | E26: Check out our latest text on facebook! | F26: 1570 | G26: 187 | H26: 260 | I26: 25120 | J26: 24613 | K26: 133 | L26: #TeslaCoInnovation | M26: SustainabilityDrive | N26: =(F26+G26+H26)/I26 -> 0.080294586
A27: P023 | B27: Facebook | C27: 45602 | D27: Video | E27: Check out our latest video on facebook! | F27: 1606 | G27: 547 | H27: 316 | I27: 32120 | J27: 31736 | K27: 225 | L27: #TeslaCoInnovation | M27: ModelYCampaign | N27: =(F27+G27+H27)/I27 -> 0.076867995
A28: P023 | B28: Facebook | C28: 45602 | D28: Video | E28: Check out our latest video on facebook! | F28: 1606 | G28: 547 | H28: 316 | I28: 32120 | J28: 31736 | K28: 225 | L28: #AnytimeIsTeslaTime | M28: ModelYCampaign | N28: =(F28+G28+H28)/I28 -> 0.076867995
A29: P024 | B29: Facebook | C29: 45680 | D29: Video | E29: Check out our latest video on facebook! | F29: 3961 | G29: 761 | H29: 131 | I29: 67337 | J29: 66615 | K29: 161 | L29: #FutureOfDriving | M29: FSDUpdate | N29: =(F29+G29+H29)/I29 -> 0.072070333
A30: P025 | B30: Twitter | C30: 45757 | D30: Carousel | E30: Check out our latest carousel on twitter! | F30: 3128 | G30: 211 | H30: 197 | I30: 59432 | J30: 59182 | K30: 238 | L30: #EVRevolution | N30: =(F30+G30+H30)/I30 -> 0.059496568
A31: P026 | B31: YouTube | C31: 45752 | D31: Reel | E31: Check out our latest reel on youtube! | F31: 3009 | G31: 413 | H31: 358 | I31: 42126 | J31: 41309 | K31: 211 | L31: #FutureOfDriving | M31: ModelYCampaign | N31: =(F31+G31+H31)/I31 -> 0.089730808
A32: P027 | B32: YouTube | C32: 45552 | D32: Text | E32: Check out our latest text on youtube! | F32: 2076 | G32: 195 | H32: 104 | I32: 33216 | J32: 32244 | K32: 51 | L32: #FutureOfDriving | M32: SustainabilityDrive | N32: =(F32+G32+H32)/I32 -> 0.071501686
A33: P028 | B33: Instagram | C33: 45720 | D33: Video | E33: Check out our latest video on instagram! | F33: 432 | G33: 624 | H33: 123 | I33: 6912 | J33: 6259 | K33: 79 | L33: #FutureOfDriving | M33: SustainabilityDrive | N33: =(F33+G33+H33)/I33 -> 0.17057292
A34: P029 | B34: Instagram | C34: 45688 | D34: Carousel | E34: Check out our latest carousel on instagram! | F34: 2566 | G34: 118 | H34: 37 | I34: 12830 | J34: 12264 | K34: 221 | L34: #FutureOfDriving | M34: FSDUpdate | N34: =(F34+G34+H34)/I34 -> 0.21208106
A35: P030 | B35: Instagram | C35: 45713 | D35: Video | E35: Check out our latest video on instagram! | F35: 3095 | G35: 39 | H35: 78 | I35: 55710 | J35: 54808 | K35: 93 | L35: #EVRevolution | N35: =(F35+G35+H35)/I35 -> 0.057655717
A36: P031 | B36: Instagram | C36: 45642 | D36: Text | E36: Check out our latest text on instagram! | F36: 438 | G36: 153 | H36: 275 | I36: 3066 | J36: 2701 | K36: 282 | L36: #TeslaCoInnovation | M36: ModelYCampaign | N36: =(F36+G36+H36)/I36 -> 0.28245271
A37: P032 | B37: Twitter | C37: 45504 | D37: Carousel | E37: Check out our latest carousel on twitter! | F37: 2278 | G37: 10 | H37: 321 | I37: 13668 | J37: 12676 | K37: 275 | L37: #EVRevolution | M37: CybertruckLaunch | N37: =(F37+G37+H37)/I37 -> 0.19088382
A38: P033 | B38: Facebook | C38: 45525 | D38: Image | E38: Check out our latest image on facebook! | F38: 1407 | G38: 400 | H38: 351 | I38: 16884 | J38: 15954 | K38: 113 | L38: #TeslaCoInnovation | M38: CybertruckLaunch | N38: =(F38+G38+H38)/I38 -> 0.12781331
A39: P034 | B39: Facebook | C39: 45742 | D39: Text | E39: Check out our latest text on facebook! | F39: 1652 | G39: 89 | H39: 357 | I39: 29736 | J39: 28771 | K39: 215 | L39: #TeslaCoInnovation | M39: FSDUpdate | N39: =(F39+G39+H39)/I39 -> 0.07055421
A40: P035 | B40: Instagram | C40: 45626 | D40: Video | E40: Check out our latest video on instagram! | F40: 3775 | G40: 16 | H40: 239 | I40: 33975 | J40: 33310 | K40: 271 | L40: #FutureOfDriving | M40: ModelYCampaign | N40: =(F40+G40+H40)/I40 -> 0.11861663
A41: P036 | B41: Instagram | C41: 45766 | D41: Story | E41: Check out our latest story on instagram! | F41: 4518 | G41: 285 | H41: 383 | I41: 67770 | J41: 67621 | K41: 31 | L41: #EVRevolution | M41: ModelYCampaign | N41: =(F41+G41+H41)/I41 -> 0.076523535
A42: P037 | B42: Facebook | C42: 45663 | D42: Carousel | E42: Check out our latest carousel on facebook! | F42: 3024 | G42: 925 | H42: 350 | I42: 24192 | J42: 23518 | K42: 36 | L42: #EVRevolution | M42: ModelYCampaign | N42: =(F42+G42+H42)/I42 -> 0.17770337
A43: P038 | B43: YouTube | C43: 45705 | D43: Reel | E43: Check out our latest reel on youtube! | F43: 3138 | G43: 123 | H43: 291 | I43: 28242 | J43: 27550 | K43: 87 | L43: #TeslaCoInnovation | M43: SustainabilityDrive | N43: =(F43+G43+H43)/I43 -> 0.12577013
A44: P039 | B44: Facebook | C44: 45621 | D44: Image | E44: Check out our latest image on facebook! | F44: 3564 | G44: 629 | H44: 177 | I44: 60588 | J44: 59627 | K44: 92 | L44: #TeslaCoInnovation | N44: =(F44+G44+H44)/I44 -> 0.072126494
A45: P040 | B45: Twitter | C45: 45723 | D45: Image | E45: Check out our latest image on twitter! | F45: 4750 | G45: 151 | H45: 415 | I45: 38000 | J45: 37792 | K45: 299 | L45: #EVRevolution | M45: SustainabilityDrive | N45: =(F45+G45+H45)/I45 -> 0.13989474
A46: P041 | B46: Instagram | C46: 45724 | D46: Reel | E46: Check out our latest reel on instagram! | F46: 456 | G46: 629 | H46: 428 | I46: 8208 | J46: 7377 | K46: 205 | L46: #FutureOfDriving | M46: SustainabilityDrive | N46: =(F46+G46+H46)/I46 -> 0.18433236
A47: P042 | B47: YouTube | C47: 45721 | D47: Reel | E47: Check out our latest reel on youtube! | F47: 1543 | G47: 820 | H47: 333 | I47: 12344 | J47: 11496 | K47: 241 | L47: #EVRevolution | N47: =(F47+G47+H47)/I47 -> 0.2184057
A48: P043 | B48: Instagram | C48: 45640 | D48: Carousel | E48: Check out our latest carousel on instagram! | F48: 2174 | G48: 658 | H48: 15 | I48: 13044 | J48: 12206 | K48: 137 | L48: #TeslaCoInnovation | M48: FSDUpdate | N48: =(F48+G48+H48)/I48 -> 0.21826127
A49: P044 | B49: Twitter | C49: 45718 | D49: Image | E49: Check out our latest image on twitter! | F49: 2358 | G49: 784 | H49: 344 | I49: 35370 | J49: 34475 | K49: 216 | L49: #TeslaCoInnovation | N49: =(F49+G49+H49)/I49 -> 0.0985581
A50: P045 | B50: Facebook | C50: 45597 | D50: Video | E50: Check out our latest video on facebook! | F50: 3371 | G50: 106 | H50: 327 | I50: 50565 | J50: 49816 | K50: 176 | L50: #FutureOfDriving | M50: CybertruckLaunch | N50: =(F50+G50+H50)/I50 -> 0.075229902
A51: P046 | B51: Twitter | C51: 45779 | D51: Video | E51: Check out our latest video on twitter! | F51: 1108 | G51: 177 | H51: 212 | I51: 8864 | J51: 8710 | K51: 97 | L51: #TeslaCoInnovation | M51: SustainabilityDrive | N51: =(F51+G51+H51)/I51 -> 0.16888538
A52: P047 | B52: Twitter | C52: 45712 | D52: Carousel | E52: Check out our latest carousel on twitter! | F52: 2704 | G52: 752 | H52: 153 | I52: 21632 | J52: 20792 | K52: 127 | L52: #FutureOfDriving | N52: =(F52+G52+H52)/I52 -> 0.16683617
A53: P048 | B53: Twitter | C53: 45727 | D53: Story | E53: Check out our latest story on twitter! | F53: 1950 | G53: 295 | H53: 478 | I53: 37050 | J53: 36272 | K53: 119 | L53: #TeslaCoInnovation | N53: =(F53+G53+H53)/I53 -> 0.073495277
A54: P049 | B54: Twitter | C54: 45453 | D54: Story | E54: Check out our latest story on twitter! | F54: 2164 | G54: 549 | H54: 274 | I54: 28132 | J54: 27361 | K54: 177 | L54: #TeslaCoInnovation | M54: SustainabilityDrive | N54: =(F54+G54+H54)/I54 -> 0.10617802
A55: P050 | B55: YouTube | C55: 45476 | D55: Story | E55: Check out our latest story on youtube! | F55: 2754 | G55: 130 | H55: 90 | I55: 22032 | J55: 21288 | K55: 112 | L55: #TeslaCoInnovation | M55: FSDUpdate | N55: =(F55+G55+H55)/I55 -> 0.13498548
A56: P051 | B56: Facebook | C56: 45456 | D56: Carousel | E56: Check out our latest carousel on facebook! | F56: 2200 | G56: 504 | H56: 239 | I56: 37400 | J56: 36938 | K56: 225 | L56: #FutureOfDriving | M56: ModelYCampaign | N56: =(F56+G56+H56)/I56 -> 0.07868984
A57: P052 | B57: Facebook | C57: 45660 | D57: Image | E57: Check out our latest image on facebook! | F57: 947 | G57: 338 | H57: 350 | I57: 10417 | J57: 9730 | K57: 34 | L57: #TeslaCoInnovation | M57: SustainabilityDrive | N57: =(F57+G57+H57)/I57 -> 0.15695498
A58: P053 | B58: YouTube | C58: 45712 | D58: Carousel | E58: Check out our latest carousel on youtube! | F58: 804 | G58: 639 | H58: 43 | I58: 4020 | J58: 3144 | K58: 11 | L58: #EVRevolution | N58: =(F58+G58+H58)/I58 -> 0.36965174
A59: P053 | B59: YouTube | C59: 45712 | D59: Carousel | E59: Check out our latest carousel on youtube! | F59: 804 | G59: 639 | H59: 43 | I59: 4020 | J59: 3144 | K59: 11 | L59: #BetterWithTesla | N59: =(F59+G59+H59)/I59 -> 0.36965174
A60: P054 | B60: YouTube | C60: 45729 | D60: Carousel | E60: Check out our latest carousel on youtube! | F60: 1686 | G60: 904 | H60: 472 | I60: 18546 | J60: 18171 | K60: 52 | L60: #FutureOfDriving | M60: ModelYCampaign | N60: =(F60+G60+H60)/I60 -> 0.16510299
A61: P055 | B61: Facebook | C61: 45460 | D61: Image | E61: Check out our latest image on facebook! | F61: 1226 | G61: 119 | H61: 7 | I61: 14712 | J61: 14049 | K61: 123 | L61: #EVRevolution | M61: SustainabilityDrive | N61: =(F61+G61+H61)/I61 -> 0.091897771
A62: P056 | B62: Facebook | C62: 45644 | D62: Carousel | E62: Check out our latest carousel on facebook! | F62: 2946 | G62: 498 | H62: 367 | I62: 29460 | J62: 28527 | K62: 60 | L62: #FutureOfDriving | M62: FSDUpdate | N62: =(F62+G62+H62)/I62 -> 0.12936185
A63: P057 | B63: Twitter | C63: 45586 | D63: Video | E63: Check out our latest video on twitter! | F63: 2825 | G63: 535 | H63: 295 | I63: 45200 | J63: 44739 | K63: 169 | L63: #TeslaCoInnovation | M63: CybertruckLaunch | N63: =(F63+G63+H63)/I63 -> 0.080862832
A64: P058 | B64: Instagram | C64: 45762 | D64: Reel | E64: Check out our latest reel on instagram! | F64: 103 | G64: 770 | H64: 19 | I64: 1030 | J64: 410 | K64: 262 | L64: #TeslaCoInnovation | M64: SustainabilityDrive | N64: =(F64+G64+H64)/I64 -> 0.86601942
A65: P059 | B65: Instagram | C65: 45465 | D65: Text | E65: Check out our latest text on instagram! | F65: 2180 | G65: 263 | H65: 387 | I65: 30520 | J65: 30059 | K65: 174 | L65: #EVRevolution | N65: =(F65+G65+H65)/I65 -> 0.092726081
A66: P060 | B66: Instagram | C66: 45685 | D66: Video | E66: Check out our latest video on instagram! | F66: 904 | G66: 973 | H66: 63 | I66: 11752 | J66: 11580 | K66: 84 | L66: #EVRevolution | M66: FSDUpdate | N66: =(F66+G66+H66)/I66 -> 0.16507828
A67: P060 | B67: Instagram | C67: 45685 | D67: Video | E67: Check out our latest video on instagram! | F67: 904 | G67: 973 | H67: 63 | I67: 11752 | J67: 11580 | K67: 84 | L67: #TeslaCoInnovation | M67: FSDUpdate | N67: =(F67+G67+H67)/I67 -> 0.16507828
A68: P060 | B68: Instagram | C68: 45685 | D68: Video | E68: Check out our latest video on instagram! | F68: 904 | G68: 973 | H68: 63 | I68: 11752 | J68: 11580 | K68: 84 | L68: #AnytimeIsTeslaTime | M68: FSDUpdate | N68: =(F68+G68+H68)/I68 -> 0.16507828
A69: P061 | B69: Twitter | C69: 45540 | D69: Video | E69: Check out our latest video on twitter! | F69: 4886 | G69: 983 | H69: 409 | I69: 43974 | J69: 43239 | K69: 65 | L69: #TeslaCoInnovation | M69: CybertruckLaunch | N69: =(F69+G69+H69)/I69 -> 0.14276618
A70: P062 | B70: Twitter | C70: 45618 | D70: Carousel | E70: Check out our latest carousel on twitter! | F70: 53 | G70: 81 | H70: 379 | I70: 954 | J70: 7 | K70: 148 | L70: #TeslaCoInnovation | M70: FSDUpdate | N70: =(F70+G70+H70)/I70 -> 0.53773585
A71: P063 | B71: Twitter | C71: 45504 | D71: Carousel | E71: Check out our latest carousel on twitter! | F71: 4507 | G71: 217 | H71: 13 | I71: 90140 | J71: 89591 | K71: 125 | L71: #FutureOfDriving | M71: FSDUpdate | N71: =(F71+G71+H71)/I71 -> 0.052551586
A72: P064 | B72: Facebook | C72: 45521 | D72: Image | E72: Check out our latest image on facebook! | F72: 2878 | G72: 248 | H72: 416 | I72: 43170 | J72: 42667 | K72: 75 | L72: #FutureOfDriving | M72: FSDUpdate | N72: =(F72+G72+H72)/I72 -> 0.082047718
A73: P065 | B73: Instagram | C73: 45744 | D73: Story | E73: Check out our latest story on instagram! | F73: 1881 | G73: 501 | H73: 99 | I73: 20691 | J73: 19987 | K73: 289 | L73: #EVRevolution | N73: =(F73+G73+H73)/I73 -> 0.11990721
A74: P066 | B74: Twitter | C74: 45499 | D74: Carousel | E74: Check out our latest carousel on twitter! | F74: 432 | G74: 171 | H74: 280 | I74: 3024 | J74: 2285 | K74: 184 | L74: #EVRevolution | M74: CybertruckLaunch | N74: =(F74+G74+H74)/I74 -> 0.29199735
A75: P067 | B75: Facebook | C75: 45745 | D75: Carousel | E75: Check out our latest carousel on facebook! | F75: 4712 | G75: 568 | H75: 127 | I75: 84816 | J75: 84691 | K75: 100 | L75: #EVRevolution | M75: FSDUpdate | N75: =(F75+G75+H75)/I75 -> 0.063749764
A76: P068 | B76: Instagram | C76: 45634 | D76: Story | E76: Check out our latest story on instagram! | F76: 2610 | G76: 126 | H76: 288 | I76: 15660 | J76: 15145 | K76: 73 | L76: #EVRevolution | N76: =(F76+G76+H76)/I76 -> 0.19310345
A77: P069 | B77: Twitter | C77: 45724 | D77: Text | E77: Check out our latest text on twitter! | F77: 1292 | G77: 626 | H77: 496 | I77: 25840 | J77: 24916 | K77: 149 | L77: #FutureOfDriving | M77: FSDUpdate | N77: =(F77+G77+H77)/I77 -> 0.093421053
A78: P070 | B78: Facebook | C78: 45749 | D78: Video | E78: Check out our latest video on facebook! | F78: 199 | G78: 772 | H78: 400 | I78: 3582 | J78: 2988 | K78: 43 | L78: #TeslaCoInnovation | N78: =(F78+G78+H78)/I78 -> 0.38274707
A79: P071 | B79: YouTube | C79: 45537 | D79: Carousel | E79: Check out our latest carousel on youtube! | F79: 2551 | G79: 915 | H79: 205 | I79: 30612 | J79: 30360 | K79: 227 | L79: #TeslaCoInnovation | M79: ModelYCampaign | N79: =(F79+G79+H79)/I79 -> 0.11992029
A80: P072 | B80: YouTube | C80: 45719 | D80: Reel | E80: Check out our latest reel on youtube! | F80: 296 | G80: 60 | H80: 141 | I80: 5624 | J80: 5239 | K80: 88 | L80: #EVRevolution | M80: ModelYCampaign | N80: =(F80+G80+H80)/I80 -> 0.088371266
A81: P073 | B81: Facebook | C81: 45583 | D81: Story | E81: Check out our latest story on facebook! | F81: 4126 | G81: 426 | H81: 486 | I81: 78394 | J81: 77798 | K81: 88 | L81: #FutureOfDriving | M81: SustainabilityDrive | N81: =(F81+G81+H81)/I81 -> 0.064265122
A82: P074 | B82: YouTube | C82: 45593 | D82: Reel | E82: Check out our latest reel on youtube! | F82: 1855 | G82: 200 | H82: 174 | I82: 16695 | J82: 16330 | K82: 123 | L82: #TeslaCoInnovation | M82: FSDUpdate | N82: =(F82+G82+H82)/I82 -> 0.13351303
A83: P075 | B83: Instagram | C83: 45505 | D83: Reel | E83: Check out our latest reel on instagram! | F83: 1674 | G83: 929 | H83: 37 | I83: 21762 | J83: 20998 | K83: 255 | L83: #TeslaCoInnovation | M83: SustainabilityDrive | N83: =(F83+G83+H83)/I83 -> 0.12131238
A84: P076 | B84: Twitter | C84: 45603 | D84: Story | E84: Check out our latest story on twitter! | F84: 1121 | G84: 135 | H84: 18 | I84: 15694 | J84: 14957 | K84: 99 | L84: #TeslaCoInnovation | M84: SustainabilityDrive | N84: =(F84+G84+H84)/I84 -> 0.08117752
A85: P077 | B85: Facebook | C85: 45720 | D85: Story | E85: Check out our latest story on facebook! | F85: 1249 | G85: 116 | H85: 420 | I85: 8743 | J85: 8538 | K85: 63 | L85: #TeslaCoInnovation | N85: =(F85+G85+H85)/I85 -> 0.20416333
A86: P078 | B86: Twitter | C86: 45460 | D86: Image | E86: Check out our latest image on twitter! | F86: 954 | G86: 324 | H86: 288 | I86: 19080 | J86: 18859 | K86: 21 | L86: #FutureOfDriving | M86: SustainabilityDrive | N86: =(F86+G86+H86)/I86 -> 0.082075472
A87: P079 | B87: Instagram | C87: 45574 | D87: Carousel | E87: Check out our latest carousel on instagram! | F87: 3068 | G87: 137 | H87: 329 | I87: 39884 | J87: 39404 | K87: 266 | L87: #EVRevolution | M87: ModelYCampaign | N87: =(F87+G87+H87)/I87 -> 0.08860696
A88: P080 | B88: Instagram | C88: 45456 | D88: Story | E88: Check out our latest story on instagram! | F88: 2103 | G88: 892 | H88: 103 | I88: 39957 | J88: 39466 | K88: 28 | L88: #FutureOfDriving | N88: =(F88+G88+H88)/I88 -> 0.077533348
A89: P081 | B89: Instagram | C89: 45584 | D89: Story | E89: Check out our latest story on instagram! | F89: 1816 | G89: 29 | H89: 41 | I89: 19976 | J89: 19262 | K89: 283 | L89: #TeslaCoInnovation | M89: FSDUpdate | N89: =(F89+G89+H89)/I89 -> 0.094413296
A90: P082 | B90: Instagram | C90: 45497 | D90: Image | E90: Check out our latest image on instagram! | F90: 725 | G90: 88 | H90: 428 | I90: 14500 | J90: 13637 | K90: 200 | L90: #FutureOfDriving | M90: FSDUpdate | N90: =(F90+G90+H90)/I90 -> 0.085586207
A91: P082 | B91: Instagram | C91: 45497 | D91: Image | E91: Check out our latest image on instagram! | F91: 725 | G91: 88 | H91: 428 | I91: 14500 | J91: 13637 | K91: 200 | L91: #TeslaCoInnovation | M91: FSDUpdate | N91: =(F91+G91+H91)/I91 -> 0.085586207
A92: P082 | B92: Instagram | C92: 45497 | D92: Image | E92: Check out our latest image on instagram! | F92: 725 | G92: 88 | H92: 428 | I92: 14500 | J92: 13637 | K92: 200 | L92: #AnytimeIsTeslaTime | M92: FSDUpdate | N92: =(F92+G92+H92)/I92 -> 0.085586207
A93: P083 | B93: YouTube | C93: 45580 | D93: Video | E93: Check out our latest video on youtube! | F93: 1094 | G93: 472 | H93: 21 | I93: 9846 | J93: 9609 | K93: 112 | L93: #EVRevolution | N93: =(F93+G93+H93)/I93 -> 0.16118221
A94: P084 | B94: Facebook | C94: 45635 | D94: Image | E94: Check out our latest image on facebook! | F94: 1841 | G94: 851 | H94: 342 | I94: 34979 | J94: 34154 | K94: 255 | L94: #FutureOfDriving | M94: SustainabilityDrive | N94: =(F94+G94+H94)/I94 -> 0.086737757
A95: P085 | B95: Instagram | C95: 45766 | D95: Image | E95: Check out our latest image on instagram! | F95: 4177 | G95: 569 | H95: 55 | I95: 25062 | J95: 24847 | K95: 230 | L95: #FutureOfDriving | M95: CybertruckLaunch | N95: =(F95+G95+H95)/I95 -> 0.19156492
A96: P086 | B96: YouTube | C96: 45684 | D96: Text | E96: Check out our latest text on youtube! | F96: 3428 | G96: 305 | H96: 85 | I96: 58276 | J96: 58052 | K96: 242 | L96: #EVRevolution | M96: SustainabilityDrive | N96: =(F96+G96+H96)/I96 -> 0.065515821
A97: P086 | B97: YouTube | C97: 45684 | D97: Text | E97: Check out our latest text on youtube! | F97: 3428 | G97: 305 | H97: 85 | I97: 58276 | J97: 58052 | K97: 242 | L97: #BetterWithTesla | M97: SustainabilityDrive | N97: =(F97+G97+H97)/I97 -> 0.065515821
A98: P087 | B98: Twitter | C98: 45449 | D98: Video | E98: Check out our latest video on twitter! | F98: 1436 | G98: 765 | H98: 496 | I98: 12924 | J98: 12701 | K98: 197 | L98: #FutureOfDriving | M98: FSDUpdate | N98: =(F98+G98+H98)/I98 -> 0.20868152
A99: P088 | B99: Facebook | C99: 45480 | D99: Story | E99: Check out our latest story on facebook! | F99: 302 | G99: 47 | H99: 430 | I99: 5738 | J99: 4890 | K99: 25 | L99: #TeslaCoInnovation | M99: SustainabilityDrive | N99: =(F99+G99+H99)/I99 -> 0.13576159
A100: P089 | B100: Twitter | C100: 45667 | D100: Image | E100: Check out our latest image on twitter! | F100: 2214 | G100: 249 | H100: 152 | I100: 15498 | J100: 14800 | K100: 180 | L100: #EVRevolution | N100: =(F100+G100+H100)/I100 -> 0.16873145
A101: P090 | B101: Instagram | C101: 45446 | D101: Image | E101: Check out our latest image on instagram! | F101: 3861 | G101: 960 | H101: 101 | I101: 69498 | J101: 68817 | K101: 297 | L101: #TeslaCoInnovation | M101: SustainabilityDrive | N101: =(F101+G101+H101)/I101 -> 0.070822182
A102: P091 | B102: Facebook | C102: 45740 | D102: Image | E102: Check out our latest image on facebook! | F102: 1263 | G102: 397 | H102: 357 | I102: 25260 | J102: 24615 | K102: 137 | L102: #EVRevolution | M102: SustainabilityDrive | N102: =(F102+G102+H102)/I102 -> 0.079849565
A103: P092 | B103: Twitter | C103: 45586 | D103: Story | E103: Check out our latest story on twitter! | F103: 3801 | G103: 967 | H103: 401 | I103: 38010 | J103: 37625 | K103: 236 | L103: #FutureOfDriving | M103: FSDUpdate | N103: =(F103+G103+H103)/I103 -> 0.13599053
...

Sheet Task 2A
A1: TASK 2: Engagement Analysis
A2: Average Engagement Rate | Top 10 Posts
A3: Post ID | B3: Platform | C3: Average Engagement Rate | I3: Average Engagement Rate Per Platform
A4: P220 | B4: Instagram | C4: =((Posts!F221+Posts!G221+Posts!H221)/Posts!I221)*100 -> 181.29252 | I4: Twitter | J4: =AVERAGEIF(B4:B303,"Twitter",C4:C303) -> 14.368407
A5: P058 | B5: Instagram | C5: =((Posts!F59+Posts!G59+Posts!H59)/Posts!I59)*100 -> 86.601942 | I5: Instagram | J5: =AVERAGEIF(B4:B303,"Instagram",C4:C303) -> 19.329258
A6: P232 | B6: Twitter | C6: =((Posts!F233+Posts!G233+Posts!H233)/Posts!I233)*100 -> 71.686747 | I6: Facebook | J6: =AVERAGEIF(B4:B303,"Facebook",C4:C303) -> 12.19729
A7: P178 | B7: Instagram | C7: =((Posts!F179+Posts!G179+Posts!H179)/Posts!I179)*100 -> 70.387597 | I7: YouTube | J7: =AVERAGEIF(B4:B303,"YouTube",C4:C303) -> 13.118494
A8: P175 | B8: Instagram | C8: =((Posts!F176+Posts!G176+Posts!H176)/Posts!I176)*100 -> 65.08216
A9: P062 | B9: Twitter | C9: =((Posts!F63+Posts!G63+Posts!H63)/Posts!I63)*100 -> 53.773585
A10: P264 | B10: Twitter | C10: =((Posts!F265+Posts!G265+Posts!H265)/Posts!I265)*100 -> 53.389831
A11: P143 | B11: YouTube | C11: =((Posts!F144+Posts!G144+Posts!H144)/Posts!I144)*100 -> 50.192308
A12: P210 | B12: YouTube | C12: =((Posts!F211+Posts!G211+Posts!H211)/Posts!I211)*100 -> 48.518408
A13: P070 | B13: Facebook | C13: =((Posts!F71+Posts!G71+Posts!H71)/Posts!I71)*100 -> 38.274707
A14: P214 | B14: Instagram | C14: =((Posts!F215+Posts!G215+Posts!H215)/Posts!I215)*100 -> 37.955854
A15: P053 | B15: YouTube | C15: =((Posts!F54+Posts!G54+Posts!H54)/Posts!I54)*100 -> 36.965174
A16: P102 | B16: Twitter | C16: =((Posts!F103+Posts!G103+Posts!H103)/Posts!I103)*100 -> 35.666667
A17: P124 | B17: YouTube | C17: =((Posts!F125+Posts!G125+Posts!H125)/Posts!I125)*100 -> 33.618012
A18: P121 | B18: Instagram | C18: =((Posts!F122+Posts!G122+Posts!H122)/Posts!I122)*100 -> 32.349398
A19: P224 | B19: Facebook | C19: =((Posts!F225+Posts!G225+Posts!H225)/Posts!I225)*100 -> 32.083531
A20: P154 | B20: Instagram | C20: =((Posts!F155+Posts!G155+Posts!H155)/Posts!I155)*100 -> 31.965192
A21: P119 | B21: Instagram | C21: =((Posts!F120+Posts!G120+Posts!H120)/Posts!I120)*100 -> 31.705584
A22: P287 | B22: Instagram | C22: =((Posts!F288+Posts!G288+Posts!H288)/Posts!I288)*100 -> 30.126002
A23: P204 | B23: Instagram | C23: =((Posts!F205+Posts!G205+Posts!H205)/Posts!I205)*100 -> 29.713518
A24: P066 | B24: Twitter | C24: =((Posts!F67+Posts!G67+Posts!H67)/Posts!I67)*100 -> 29.199735
A25: P183 | B25: Instagram | C25: =((Posts!F184+Posts!G184+Posts!H184)/Posts!I184)*100 -> 28.696581
A26: P031 | B26: Instagram | C26: =((Posts!F32+Posts!G32+Posts!H32)/Posts!I32)*100 -> 28.245271
A27: P093 | B27: Instagram | C27: =((Posts!F94+Posts!G94+Posts!H94)/Posts!I94)*100 -> 28.045656
A28: P263 | B28: Instagram | C28: =((Posts!F264+Posts!G264+Posts!H264)/Posts!I264)*100 -> 26.876681
A29: P248 | B29: Facebook | C29: =((Posts!F249+Posts!G249+Posts!H249)/Posts!I249)*100 -> 26.297968
A30: P244 | B30: YouTube | C30: =((Posts!F245+Posts!G245+Posts!H245)/Posts!I245)*100 -> 25.869985
A31: P259 | B31: Facebook | C31: =((Posts!F260+Posts!G260+Posts!H260)/Posts!I260)*100 -> 25.771056
A32: P219 | B32: Twitter | C32: =((Posts!F220+Posts!G220+Posts!H220)/Posts!I220)*100 -> 25.701459
A33: P226 | B33: Instagram | C33: =((Posts!F227+Posts!G227+Posts!H227)/Posts!I227)*100 -> 25.537048
A34: P265 | B34: Twitter | C34: =((Posts!F266+Posts!G266+Posts!H266)/Posts!I266)*100 -> 25.279702
A35: P239 | B35: YouTube | C35: =((Posts!F240+Posts!G240+Posts!H240)/Posts!I240)*100 -> 25.062082
A36: P277 | B36: Facebook | C36: =((Posts!F278+Posts!G278+Posts!H278)/Posts!I278)*100 -> 24.763928
A37: P297 | B37: Twitter | C37: =((Posts!F298+Posts!G298+Posts!H298)/Posts!I298)*100 -> 24.34903
A38: P181 | B38: YouTube | C38: =((Posts!F182+Posts!G182+Posts!H182)/Posts!I182)*100 -> 23.673521
A39: P246 | B39: Facebook | C39: =((Posts!F247+Posts!G247+Posts!H247)/Posts!I247)*100 -> 23.65625
A40: P123 | B40: Instagram | C40: =((Posts!F124+Posts!G124+Posts!H124)/Posts!I124)*100 -> 23.616777
A41: P120 | B41: Facebook | C41: =((Posts!F121+Posts!G121+Posts!H121)/Posts!I121)*100 -> 23.414918
A42: P141 | B42: Twitter | C42: =((Posts!F142+Posts!G142+Posts!H142)/Posts!I142)*100 -> 23.165089
A43: P163 | B43: Instagram | C43: =((Posts!F164+Posts!G164+Posts!H164)/Posts!I164)*100 -> 23.101533
A44: P269 | B44: Instagram | C44: =((Posts!F270+Posts!G270+Posts!H270)/Posts!I270)*100 -> 22.157422
A45: P042 | B45: YouTube | C45: =((Posts!F43+Posts!G43+Posts!H43)/Posts!I43)*100 -> 21.84057
A46: P043 | B46: Instagram | C46: =((Posts!F44+Posts!G44+Posts!H44)/Posts!I44)*100 -> 21.826127
A47: P159 | B47: Facebook | C47: =((Posts!F160+Posts!G160+Posts!H160)/Posts!I160)*100 -> 21.745283
A48: P146 | B48: YouTube | C48: =((Posts!F147+Posts!G147+Posts!H147)/Posts!I147)*100 -> 21.636759
A49: P029 | B49: Instagram | C49: =((Posts!F30+Posts!G30+Posts!H30)/Posts!I30)*100 -> 21.208106
A50: P137 | B50: Facebook | C50: =((Posts!F138+Posts!G138+Posts!H138)/Posts!I138)*100 -> 20.871011
A51: P087 | B51: Twitter | C51: =((Posts!F88+Posts!G88+Posts!H88)/Posts!I88)*100 -> 20.868152
A52: P271 | B52: Instagram | C52: =((Posts!F272+Posts!G272+Posts!H272)/Posts!I272)*100 -> 20.675991
A53: P077 | B53: Facebook | C53: =((Posts!F78+Posts!G78+Posts!H78)/Posts!I78)*100 -> 20.416333
A54: P136 | B54: Instagram | C54: =((Posts!F137+Posts!G137+Posts!H137)/Posts!I137)*100 -> 20.357371
A55: P258 | B55: Instagram | C55: =((Posts!F259+Posts!G259+Posts!H259)/Posts!I259)*100 -> 20.230492
A56: P276 | B56: Twitter | C56: =((Posts!F277+Posts!G277+Posts!H277)/Posts!I277)*100 -> 20.158526
A57: P148 | B57: Instagram | C57: =((Posts!F149+Posts!G149+Posts!H149)/Posts!I149)*100 -> 19.864505
A58: P198 | B58: Twitter | C58: =((Posts!F199+Posts!G199+Posts!H199)/Posts!I199)*100 -> 19.847328
A59: P152 | B59: Facebook | C59: =((Posts!F153+Posts!G153+Posts!H153)/Posts!I153)*100 -> 19.511518
A60: P286 | B60: YouTube | C60: =((Posts!F287+Posts!G287+Posts!H287)/Posts!I287)*100 -> 19.484607
A61: P068 | B61: Instagram | C61: =((Posts!F69+Posts!G69+Posts!H69)/Posts!I69)*100 -> 19.310345
A62: P085 | B62: Instagram | C62: =((Posts!F86+Posts!G86+Posts!H86)/Posts!I86)*100 -> 19.156492
A63: P032 | B63: Twitter | C63: =((Posts!F33+Posts!G33+Posts!H33)/Posts!I33)*100 -> 19.088382
A64: P218 | B64: Facebook | C64: =((Posts!F219+Posts!G219+Posts!H219)/Posts!I219)*100 -> 18.806849
A65: P211 | B65: Twitter | C65: =((Posts!F212+Posts!G212+Posts!H212)/Posts!I212)*100 -> 18.632075
A66: P242 | B66: Facebook | C66: =((Posts!F243+Posts!G243+Posts!H243)/Posts!I243)*100 -> 18.519684
A67: P041 | B67: Instagram | C67: =((Posts!F42+Posts!G42+Posts!H42)/Posts!I42)*100 -> 18.433236
A68: P294 | B68: Facebook | C68: =((Posts!F295+Posts!G295+Posts!H295)/Posts!I295)*100 -> 18.248432
A69: P006 | B69: Facebook | C69: =((Posts!F7+Posts!G7+Posts!H7)/Posts!I7)*100 -> 17.95416
A70: P153 | B70: Twitter | C70: =((Posts!F154+Posts!G154+Posts!H154)/Posts!I154)*100 -> 17.801356
A71: P037 | B71: Facebook | C71: =((Posts!F38+Posts!G38+Posts!H38)/Posts!I38)*100 -> 17.770337
A72: P241 | B72: Facebook | C72: =((Posts!F242+Posts!G242+Posts!H242)/Posts!I242)*100 -> 17.743908
A73: P112 | B73: Twitter | C73: =((Posts!F113+Posts!G113+Posts!H113)/Posts!I113)*100 -> 17.441662
A74: P129 | B74: Twitter | C74: =((Posts!F130+Posts!G130+Posts!H130)/Posts!I130)*100 -> 17.29157
A75: P028 | B75: Instagram | C75: =((Posts!F29+Posts!G29+Posts!H29)/Posts!I29)*100 -> 17.057292
A76: P046 | B76: Twitter | C76: =((Posts!F47+Posts!G47+Posts!H47)/Posts!I47)*100 -> 16.888538
A77: P089 | B77: Twitter | C77: =((Posts!F90+Posts!G90+Posts!H90)/Posts!I90)*100 -> 16.873145
A78: P094 | B78: Instagram | C78: =((Posts!F95+Posts!G95+Posts!H95)/Posts!I95)*100 -> 16.843866
A79: P116 | B79: YouTube | C79: =((Posts!F117+Posts!G117+Posts!H117)/Posts!I117)*100 -> 16.769516
A80: P275 | B80: Facebook | C80: =((Posts!F276+Posts!G276+Posts!H276)/Posts!I276)*100 -> 16.754739
A81: P109 | B81: Twitter | C81: =((Posts!F110+Posts!G110+Posts!H110)/Posts!I110)*100 -> 16.744314
A82: P047 | B82: Twitter | C82: =((Posts!F48+Posts!G48+Posts!H48)/Posts!I48)*100 -> 16.683617
A83: P295 | B83: Twitter | C83: =((Posts!F296+Posts!G296+Posts!H296)/Posts!I296)*100 -> 16.540727
A84: P054 | B84: YouTube | C84: =((Posts!F55+Posts!G55+Posts!H55)/Posts!I55)*100 -> 16.510299
A85: P060 | B85: Instagram | C85: =((Posts!F61+Posts!G61+Posts!H61)/Posts!I61)*100 -> 16.507828
A86: P083 | B86: YouTube | C86: =((Posts!F84+Posts!G84+Posts!H84)/Posts!I84)*100 -> 16.118221
A87: P138 | B87: Twitter | C87: =((Posts!F139+Posts!G139+Posts!H139)/Posts!I139)*100 -> 16.065574
A88: P221 | B88: Facebook | C88: =((Posts!F222+Posts!G222+Posts!H222)/Posts!I222)*100 -> 15.989221
A89: P252 | B89: Facebook | C89: =((Posts!F253+Posts!G253+Posts!H253)/Posts!I253)*100 -> 15.76113
A90: P052 | B90: Facebook | C90: =((Posts!F53+Posts!G53+Posts!H53)/Posts!I53)*100 -> 15.695498
A91: P140 | B91: Facebook | C91: =((Posts!F141+Posts!G141+Posts!H141)/Posts!I141)*100 -> 15.571803
A92: P165 | B92: Twitter | C92: =((Posts!F166+Posts!G166+Posts!H166)/Posts!I166)*100 -> 15.40599
A93: P164 | B93: YouTube | C93: =((Posts!F165+Posts!G165+Posts!H165)/Posts!I165)*100 -> 15.355188
A94: P262 | B94: YouTube | C94: =((Posts!F263+Posts!G263+Posts!H263)/Posts!I263)*100 -> 15.339967
A95: P147 | B95: Instagram | C95: =((Posts!F148+Posts!G148+Posts!H148)/Posts!I148)*100 -> 15.283323
A96: P004 | B96: Instagram | C96: =((Posts!F5+Posts!G5+Posts!H5)/Posts!I5)*100 -> 15.105033
A97: P014 | B97: Facebook | C97: =((Posts!F15+Posts!G15+Posts!H15)/Posts!I15)*100 -> 14.521452
A98: P192 | B98: Instagram | C98: =((Posts!F193+Posts!G193+Posts!H193)/Posts!I193)*100 -> 14.413265
A99: P173 | B99: Twitter | C99: =((Posts!F174+Posts!G174+Posts!H174)/Posts!I174)*100 -> 14.348371
A100: P166 | B100: Twitter | C100: =((Posts!F167+Posts!G167+Posts!H167)/Posts!I167)*100 -> 14.320716
...

Sheet Task 2B
A1: TASK 2: Engagement Analysis
A2: Pivot Tables
B3: Platform | C3: Values
B4: Facebook | E4: Instagram | H4: Twitter | K4: YouTube | N4: Total Sum of Likes | O4: Total Sum of Comments | P4: Total Sum of Shares
A5: Content Type | B5: Sum of Likes | C5: Sum of Comments | D5: Sum of Shares | E5: Sum of Likes | F5: Sum of Comments | G5: Sum of Shares | H5: Sum of Likes | I5: Sum of Comments | J5: Sum of Shares | K5: Sum of Likes | L5: Sum of Comments | M5: Sum of Shares
A6: Carousel | B6: 44476 | C6: 4589 | D6: 7400 | E6: 43948 | F6: 3890 | G6: 6975 | H6: 48649 | I6: 3607 | J6: 5791 | K6: 24926 | L6: 2422 | M6: 6305 | N6: 161999 | O6: 14508 | P6: 26471
A7: Image | B7: 71602 | C7: 6495 | D7: 12904 | E7: 34202 | F7: 2655 | G7: 5286 | H7: 43761 | I7: 5125 | J7: 7110 | K7: 23903 | L7: 2077 | M7: 4310 | N7: 173468 | O7: 16352 | P7: 29610
A8: Reel | B8: 36368 | C8: 3353 | D8: 5964 | E8: 32148 | F8: 3386 | G8: 8110 | H8: 27029 | I8: 1913 | J8: 4550 | K8: 32400 | L8: 2668 | M8: 4577 | N8: 127945 | O8: 11320 | P8: 23201
A9: Story | B9: 29405 | C9: 3223 | D9: 4950 | E9: 42649 | F9: 3846 | G9: 10049 | H9: 20466 | I9: 3026 | J9: 5090 | K9: 31968 | L9: 2012 | M9: 3866 | N9: 124488 | O9: 12107 | P9: 23955
A10: Text | B10: 31963 | C10: 3377 | D10: 4792 | E10: 25567 | F10: 1946 | G10: 5112 | H10: 31899 | I10: 3910 | J10: 4861 | K10: 27067 | L10: 1052 | M10: 3928 | N10: 116496 | O10: 10285 | P10: 18693
A11: Video | B11: 28947 | C11: 2263 | D11: 3171 | E11: 25770 | F11: 2128 | G11: 5912 | H11: 29593 | I11: 3299 | J11: 6326 | K11: 31285 | L11: 2589 | M11: 5586 | N11: 115595 | O11: 10279 | P11: 20995
A12: Grand Total | B12: 242761 | C12: 23300 | D12: 39181 | E12: 204284 | F12: 17851 | G12: 41444 | H12: 201397 | I12: 20880 | J12: 33728 | K12: 171549 | L12: 12820 | M12: 28572 | N12: 819991 | O12: 74851 | P12: 142925
A14: Average Clicks per post by Hashtag
A15: Row Labels | B15: Average of Clicks
A16: #AnytimeIsTeslaTime | B16: 161.2
A17: #BetterWithTesla | B17: 114.85714
A18: #EVRevolution | B18: 151.52941
A19: #FutureOfDriving | B19: 144.03883
A20: #SmoothLikeNitroTesla | B20: 111.8
A21: #TeslaCoInnovation | B21: 158.65421
A22: Grand Total | B22: 150.58702

Sheet Task 2 Data
A1: Post ID | B1: Platform | C1: Date | D1: Content Type | E1: Post Text | F1: Likes | G1: Shares | H1: Comments | I1: Impressions | J1: Reach | K1: Clicks | L1: Hashtags Used | M1: Campaign_Name | N1: Engagement Rate
A2: P001 | B2: Twitter | C2: 45649 | D2: Reel | E2: Check out our latest reel on twitter! | F2: 1461 | G2: 184 | H2: 344 | I2: 21915 | J2: 21675 | K2: 15 | L2: #FutureOfDriving | M2: CybertruckLaunch | N2: =(Table10_1[[#This Row],[Likes]]+Table10_1[[#This Row],[Shares]]+Table10_1[[#This Row],[Comments]])/Table10_1[[#This Row],[Impressions]] -> 0.090759754
A3: P001 | B3: Twitter | C3: 45649 | D3: Reel | E3: Check out our latest reel on twitter! | F3: 1461 | G3: 184 | H3: 344 | I3: 21915 | J3: 21675 | K3: 15 | L3: #AnytimeIsTeslaTime | M3: CybertruckLaunch | N3: =(Table10_1[[#This Row],[Likes]]+Table10_1[[#This Row],[Shares]]+Table10_1[[#This Row],[Comments]])/Table10_1[[#This Row],[Impressions]] -> 0.090759754
A4: P002 | B4: Twitter | C4: 45750 | D4: Text | E4: Check out our latest text on twitter! | F4: 4054 | G4: 389 | H4: 493 | I4: 64864 | J4: 64383 | K4: 117 | L4: #TeslaCoInnovation | M4: ModelYCampaign | N4: =(Table10_1[[#This Row],[Likes]]+Table10_1[[#This Row],[Shares]]+Table10_1[[#This Row],[Comments]])/Table10_1[[#This Row],[Impressions]] -> 0.076097681
A5: P002 | B5: Twitter | C5: 45750 | D5: Text | E5: Check out our latest text on twitter! | F5: 4054 | G5: 389 | H5: 493 | I5: 64864 | J5: 64383 | K5: 117 | L5: #BetterWithTesla | M5: ModelYCampaign | N5: =(Table10_1[[#This Row],[Likes]]+Table10_1[[#This Row],[Shares]]+Table10_1[[#This Row],[Comments]])/Table10_1[[#This Row],[Impressions]] -> 0.076097681
A6: P003 | B6: YouTube | C6: 45789 | D6: Reel | E6: Check out our latest reel on youtube! | F6: 2795 | G6: 105 | H6: 49 | I6: 53105 | J6: 52307 | K6: 204 | L6: #TeslaCoInnovation | M6: FSDUpdate | N6: =(Table10_1[[#This Row],[Likes]]+Table10_1[[#This Row],[Shares]]+Table10_1[[#This Row],[Comments]])/Table10_1[[#This Row],[Impressions]] -> 0.055531494
A7: P004 | B7: Instagram | C7: 45516 | D7: Story | E7: Check out our latest story on instagram! | F7: 2404 | G7: 363 | H7: 138 | I7: 19232 | J7: 18636 | K7: 128 | L7: #EVRevolution | M7: SustainabilityDrive | N7: =(Table10_1[[#This Row],[Likes]]+Table10_1[[#This Row],[Shares]]+Table10_1[[#This Row],[Comments]])/Table10_1[[#This Row],[Impressions]] -> 0.15105033
A8: P005 | B8: YouTube | C8: 45469 | D8: Reel | E8: Check out our latest reel on youtube! | F8: 3557 | G8: 687 | H8: 424 | I8: 71140 | J8: 70701 | K8: 224 | L8: #EVRevolution | M8: CybertruckLaunch | N8: =(Table10_1[[#This Row],[Likes]]+Table10_1[[#This Row],[Shares]]+Table10_1[[#This Row],[Comments]])/Table10_1[[#This Row],[Impressions]] -> 0.065617093
A9: P005 | B9: YouTube | C9: 45469 | D9: Reel | E9: Check out our latest reel on youtube! | F9: 3557 | G9: 687 | H9: 424 | I9: 71140 | J9: 70701 | K9: 224 | L9: #TeslaCoInnovation | M9: CybertruckLaunch | N9: =(Table10_1[[#This Row],[Likes]]+Table10_1[[#This Row],[Shares]]+Table10_1[[#This Row],[Comments]])/Table10_1[[#This Row],[Impressions]] -> 0.065617093
A10: P006 | B10: Facebook | C10: 45596 | D10: Carousel | E10: Check out our latest carousel on facebook! | F10: 2945 | G10: 930 | H10: 355 | I10: 23560 | J10: 23275 | K10: 256 | L10: #TeslaCoInnovation | M10: ModelYCampaign | N10: =(Table10_1[[#This Row],[Likes]]+Table10_1[[#This Row],[Shares]]+Table10_1[[#This Row],[Comments]])/Table10_1[[#This Row],[Impressions]] -> 0.1795416
A11: P007 | B11: Twitter | C11: 45467 | D11: Carousel | E11: Check out our latest carousel on twitter! | F11: 3860 | G11: 201 | H11: 279 | I11: 61760 | J11: 61660 | K11: 235 | L11: #TeslaCoInnovation | M11: ModelYCampaign | N11: =(Table10_1[[#This Row],[Likes]]+Table10_1[[#This Row],[Shares]]+Table10_1[[#This Row],[Comments]])/Table10_1[[#This Row],[Impressions]] -> 0.070272021
A12: P008 | B12: YouTube | C12: 45486 | D12: Image | E12: Check out our latest image on youtube! | F12: 3929 | G12: 262 | H12: 278 | I12: 43219 | J12: 42841 | K12: 39 | L12: #EVRevolution | M12: SustainabilityDrive | N12: =(Table10_1[[#This Row],[Likes]]+Table10_1[[#This Row],[Shares]]+Table10_1[[#This Row],[Comments]])/Table10_1[[#This Row],[Impressions]] -> 0.1034036
A13: P009 | B13: Facebook | C13: 45534 | D13: Text | E13: Check out our latest text on facebook! | F13: 3784 | G13: 808 | H13: 404 | I13: 56760 | J13: 56343 | K13: 131 | L13: #TeslaCoInnovation | M13: ModelYCampaign | N13: =(Table10_1[[#This Row],[Likes]]+Table10_1[[#This Row],[Shares]]+Table10_1[[#This Row],[Comments]])/Table10_1[[#This Row],[Impressions]] -> 0.088019732
... A17: P013 | B17: YouTube | C17: 45614 | D17: Carousel | E17: Check out our latest carousel on youtube! | F17: 1171 | G17: 286 | H17: 231 | I17: 22249 | J17: 21282 | K17: 114 | L17: #EVRevolution | M17: CybertruckLaunch | N17: =(Table10_1[[#This Row],[Likes]]+Table10_1[[#This Row],[Shares]]+Table10_1[[#This Row],[Comments]])/Table10_1[[#This Row],[Impressions]] -> 0.075868578
A18: P014 | B18: Facebook | C18: 45704 | D18: Story | E18: Check out our latest story on facebook! | F18: 4242 | G18: 555 | H18: 131 | I18: 33936 | J18: 33802 | K18: 265 | L18: #FutureOfDriving | N18: =(Table10_1[[#This Row],[Likes]]+Table10_1[[#This Row],[Shares]]+Table10_1[[#This Row],[Comments]])/Table10_1[[#This Row],[Impressions]] -> 0.14521452
A19: P015 | B19: Facebook | C19: 45589 | D19: Video | E19: Check out our latest video on facebook! | F19: 3888 | G19: 604 | H19: 128 | I19: 77760 | J19: 77167 | K19: 20 | L19: #FutureOfDriving | M19: CybertruckLaunch | N19: =(Table10_1[[#This Row],[Likes]]+Table10_1[[#This Row],[Shares]]+Table10_1[[#This Row],[Comments]])/Table10_1[[#This Row],[Impressions]] -> 0.05941358
A20: P016 | B20: Facebook | C20: 45530 | D20: Text | E20: Check out our latest text on facebook! | F20: 3452 | G20: 377 | H20: 360 | I20: 55232 | J20: 55075 | K20: 87 | L20: #FutureOfDriving | M20: FSDUpdate | N20: =(Table10_1[[#This Row],[Likes]]+Table10_1[[#This Row],[Shares]]+Table10_1[[#This Row],[Comments]])/Table10_1[[#This Row],[Impressions]] -> 0.075843714
A21: P017 | B21: Facebook | C21: 45782 | D21: Text | E21: Check out our latest text on facebook! | F21: 4441 | G21: 511 | H21: 70 | I21: 53292 | J21: 53082 | K21: 159 | L21: #EVRevolution | M21: SustainabilityDrive | N21: =(Table10_1[[#This Row],[Likes]]+Table10_1[[#This Row],[Shares]]+Table10_1[[#This Row],[Comments]])/Table10_1[[#This Row],[Impressions]] -> 0.094235533
A22: P018 | B22: Instagram | C22: 45523 | D22: Reel | E22: Check out our latest reel on instagram! | F22: 3000 | G22: 382 | H22: 325 | I22: 36000 | J22: 35819 | K22: 19 | L22: #FutureOfDriving | M22: CybertruckLaunch | N22: =(Table10_1[[#This Row],[Likes]]+Table10_1[[#This Row],[Shares]]+Table10_1[[#This Row],[Comments]])/Table10_1[[#This Row],[Impressions]] -> 0.10297222
A23: P019 | B23: Instagram | C23: 45466 | D23: Video | E23: Check out our latest video on instagram! | F23: 1071 | G23: 519 | H23: 22 | I23: 16065 | J23: 15865 | K23: 103 | L23: #TeslaCoInnovation | M23: SustainabilityDrive | N23: =(Table10_1[[#This Row],[Likes]]+Table10_1[[#This Row],[Shares]]+Table10_1[[#This Row],[Comments]])/Table10_1[[#This Row],[Impressions]] -> 0.10034236
A24: P020 | B24: Instagram | C24: 45544 | D24: Carousel | E24: Check out our latest carousel on instagram! | F24: 4054 | G24: 488 | H24: 373 | I24: 77026 | J24: 76881 | K24: 25 | L24: #TeslaCoInnovation | M24: CybertruckLaunch | N24: =(Table10_1[[#This Row],[Likes]]+Table10_1[[#This Row],[Shares]]+Table10_1[[#This Row],[Comments]])/Table10_1[[#This Row],[Impressions]] -> 0.063809623
A25: P021 | B25: Instagram | C25: 45661 | D25: Reel | E25: Check out our latest reel on instagram! | F25: 4838 | G25: 640 | H25: 128 | I25: 72570 | J25: 72396 | K25: 83 | L25: #FutureOfDriving | M25: SustainabilityDrive | N25: =(Table10_1[[#This Row],[Likes]]+Table10_1[[#This Row],[Shares]]+Table10_1[[#This Row],[Comments]])/Table10_1[[#This Row],[Impressions]] -> 0.077249552
A26: P022 | B26: Facebook | C26: 45715 | D26: Text | E26: Check out our latest text on facebook! | F26: 1570 | G26: 187 | H26: 260 | I26: 25120 | J26: 24613 | K26: 133 | L26: #TeslaCoInnovation | M26: SustainabilityDrive | N26: =(Table10_1[[#This Row],[Likes]]+Table10_1[[#This Row],[Shares]]+Table10_1[[#This Row],[Comments]])/Table10_1[[#This Row],[Impressions]] -> 0.080294586
A27: P023 | B27: Facebook | C27: 45602 | D27: Video | E27: Check out our latest video on facebook! | F27: 1606 | G27: 547 | H27: 316 | I27: 32120 | J27: 31736 | K27: 225 | L27: #TeslaCoInnovation | M27: ModelYCampaign | N27: =(Table10_1[[#This Row],[Likes]]+Table10_1[[#This Row],[Shares]]+Table10_1[[#This Row],[Comments]])/Table10_1[[#This Row],[Impressions]] -> 0.076867995
A28: P023 | B28: Facebook | C28: 45602 | D28: Video | E28: Check out our latest video on facebook! | F28: 1606 | G28: 547 | H28: 316 | I28: 32120 | J28: 31736 | K28: 225 | L28: #AnytimeIsTeslaTime | M28: ModelYCampaign | N28: =(Table10_1[[#This Row],[Likes]]+Table10_1[[#This Row],[Shares]]+Table10_1[[#This Row],[Comments]])/Table10_1[[#This Row],[Impressions]] -> 0.076867995
A29: P024 | B29: Facebook | C29: 45680 | D29: Video | E29: Check out our latest video on facebook! | F29: 3961 | G29: 761 | H29: 131 | I29: 67337 | J29: 66615 | K29: 161 | L29: #FutureOfDriving | M29: FSDUpdate | N29: =(Table10_1[[#This Row],[Likes]]+Table10_1[[#This Row],[Shares]]+Table10_1[[#This Row],[Comments]])/Table10_1[[#This Row],[Impressions]] -> 0.072070333
A30: P025 | B30: Twitter | C30: 45757 | D30: Carousel | E30: Check out our latest carousel on twitter! | F30: 3128 | G30: 211 | H30: 197 | I30: 59432 | J30: 59182 | K30: 238 | L30: #EVRevolution | N30: =(Table10_1[[#This Row],[Likes]]+Table10_1[[#This Row],[Shares]]+Table10_1[[#This Row],[Comments]])/Table10_1[[#This Row],[Impressions]] -> 0.059496568
A31: P026 | B31: YouTube | C31: 45752 | D31: Reel | E31: Check out our latest reel on youtube! | F31: 3009 | G31: 413 | H31: 358 | I31: 42126 | J31: 41309 | K31: 211 | L31: #FutureOfDriving | M31: ModelYCampaign | N31: =(Table10_1[[#This Row],[Likes]]+Table10_1[[#This Row],[Shares]]+Table10_1[[#This Row],[Comments]])/Table10_1[[#This Row],[Impressions]] -> 0.089730808
A32: P027 | B32: YouTube | C32: 45552 | D32: Text | E32: Check out our latest text on youtube! | F32: 2076 | G32: 195 | H32: 104 | I32: 33216 | J32: 32244 | K32: 51 | L32: #FutureOfDriving | M32: SustainabilityDrive | N32: =(Table10_1[[#This Row],[Likes]]+Table10_1[[#This Row],[Shares]]+Table10_1[[#This Row],[Comments]])/Table10_1[[#This Row],[Impressions]] -> 0.071501686
A33: P028 | B33: Instagram | C33: 45720 | D33: Video | E33: Check out our latest video on instagram! | F33: 432 | G33: 624 | H33: 123 | I33: 6912 | J33: 6259 | K33: 79 | L33: #FutureOfDriving | M33: SustainabilityDrive | N33: =(Table10_1[[#This Row],[Likes]]+Table10_1[[#This Row],[Shares]]+Table10_1[[#This Row],[Comments]])/Table10_1[[#This Row],[Impressions]] -> 0.17057292
A34: P029 | B34: Instagram | C34: 45688 | D34: Carousel | E34: Check out our latest carousel on instagram! | F34: 2566 | G34: 118 | H34: 37 | I34: 12830 | J34: 12264 | K34: 221 | L34: #FutureOfDriving | M34: FSDUpdate | N34: =(Table10_1[[#This Row],[Likes]]+Table10_1[[#This Row],[Shares]]+Table10_1[[#This Row],[Comments]])/Table10_1[[#This Row],[Impressions]] -> 0.21208106
A35: P030 | B35: Instagram | C35: 45713 | D35: Video | E35: Check out our latest video on instagram! | F35: 3095 | G35: 39 | H35: 78 | I35: 55710 | J35: 54808 | K35: 93 | L35: #EVRevolution | N35: =(Table10_1[[#This Row],[Likes]]+Table10_1[[#This Row],[Shares]]+Table10_1[[#This Row],[Comments]])/Table10_1[[#This Row],[Impressions]] -> 0.057655717
A36: P031 | B36: Instagram | C36: 45642 | D36: Text | E36: Check out our latest text on instagram! | F36: 438 | G36: 153 | H36: 275 | I36: 3066 | J36: 2701 | K36: 282 | L36: #TeslaCoInnovation | M36: ModelYCampaign | N36: =(Table10_1[[#This Row],[Likes]]+Table10_1[[#This Row],[Shares]]+Table10_1[[#This Row],[Comments]])/Table10_1[[#This Row],[Impressions]] -> 0.28245271
A37: P032 | B37: Twitter | C37: 45504 | D37: Carousel | E37: Check out our latest carousel on twitter! | F37: 2278 | G37: 10 | H37: 321 | I37: 13668 | J37: 12676 | K37: 275 | L37: #EVRevolution | M37: CybertruckLaunch | N37: =(Table10_1[[#This Row],[Likes]]+Table10_1[[#This Row],[Shares]]+Table10_1[[#This Row],[Comments]])/Table10_1[[#This Row],[Impressions]] -> 0.19088382
A38: P033 | B38: Facebook | C38: 45525 | D38: Image | E38: Check out our latest image on facebook! | F38: 1407 | G38: 400 | H38: 351 | I38: 16884 | J38: 15954 | K38: 113 | L38: #TeslaCoInnovation | M38: CybertruckLaunch | N38: =(Table10_1[[#This Row],[Likes]]+Table10_1[[#This Row],[Shares]]+Table10_1[[#This Row],[Comments]])/Table10_1[[#This Row],[Impressions]] -> 0.12781331
A39: P034 | B39: Facebook | C39: 45742 | D39: Text | E39: Check out our latest text on facebook! | F39: 1652 | G39: 89 | H39: 357 | I39: 29736 | J39: 28771 | K39: 215 | L39: #TeslaCoInnovation | M39: FSDUpdate | N39: =(Table10_1[[#This Row],[Likes]]+Table10_1[[#This Row],[Shares]]+Table10_1[[#This Row],[Comments]])/Table10_1[[#This Row],[Impressions]] -> 0.07055421
A40: P035 | B40: Instagram | C40: 45626 | D40: Video | E40: Check out our latest video on instagram! | F40: 3775 | G40: 16 | H40: 239 | I40: 33975 | J40: 33310 | K40: 271 | L40: #FutureOfDriving | M40: ModelYCampaign | N40: =(Table10_1[[#This Row],[Likes]]+Table10_1[[#This Row],[Shares]]+Table10_1[[#This Row],[Comments]])/Table10_1[[#This Row],[Impressions]] -> 0.11861663
A41: P036 | B41: Instagram | C41: 45766 | D41: Story | E41: Check out our latest story on instagram! | F41: 4518 | G41: 285 | H41: 383 | I41: 67770 | J41: 67621 | K41: 31 | L41: #EVRevolution | M41: ModelYCampaign | N41: =(Table10_1[[#This Row],[Likes]]+Table10_1[[#This Row],[Shares]]+Table10_1[[#This Row],[Comments]])/Table10_1[[#This Row],[Impressions]] -> 0.076523535
A42: P037 | B42: Facebook | C42: 45663 | D42: Carousel | E42: Check out our latest carousel on facebook! | F42: 3024 | G42: 925 | H42: 350 | I42: 24192 | J42: 23518 | K42: 36 | L42: #EVRevolution | M42: ModelYCampaign | N42: =(Table10_1[[#This Row],[Likes]]+Table10_1[[#This Row],[Shares]]+Table10_1[[#This Row],[Comments]])/Table10_1[[#This Row],[Impressions]] -> 0.17770337
A43: P038 | B43: YouTube | C43: 45705 | D43: Reel | E43: Check out our latest reel on youtube! | F43: 3138 | G43: 123 | H43: 291 | I43: 28242 | J43: 27550 | K43: 87 | L43: #TeslaCoInnovation | M43: SustainabilityDrive | N43: =(Table10_1[[#This Row],[Likes]]+Table10_1[[#This Row],[Shares]]+Table10_1[[#This Row],[Comments]])/Table10_1[[#This Row],[Impressions]] -> 0.12577013
A44: P039 | B44: Facebook | C44: 45621 | D44: Image | E44: Check out our latest image on facebook! | F44: 3564 | G44: 629 | H44: 177 | I44: 60588 | J44: 59627 | K44: 92 | L44: #TeslaCoInnovation | N44: =(Table10_1[[#This Row],[Likes]]+Table10_1[[#This Row],[Shares]]+Table10_1[[#This Row],[Comments]])/Table10_1[[#This Row],[Impressions]] -> 0.072126494
A45: P040 | B45: Twitter | C45: 45723 | D45: Image | E45: Check out our latest image on twitter! | F45: 4750 | G45: 151 | H45: 415 | I45: 38000 | J45: 37792 | K45: 299 | L45: #EVRevolution | M45: SustainabilityDrive | N45: =(Table10_1[[#This Row],[Likes]]+Table10_1[[#This Row],[Shares]]+Table10_1[[#This Row],[Comments]])/Table10_1[[#This Row],[Impressions]] -> 0.13989474
A46: P041 | B46: Instagram | C46: 45724 | D46: Reel | E46: Check out our latest reel on instagram! | F46: 456 | G46: 629 | H46: 428 | I46: 8208 | J46: 7377 | K46: 205 | L46: #FutureOfDriving | M46: SustainabilityDrive | N46: =(Table10_1[[#This Row],[Likes]]+Table10_1[[#This Row],[Shares]]+Table10_1[[#This Row],[Comments]])/Table10_1[[#This Row],[Impressions]] -> 0.18433236
A47: P042 | B47: YouTube | C47: 45721 | D47: Reel | E47: Check out our latest reel on youtube! | F47: 1543 | G47: 820 | H47: 333 | I47: 12344 | J47: 11496 | K47: 241 | L47: #EVRevolution | N47: =(Table10_1[[#This Row],[Likes]]+Table10_1[[#This Row],[Shares]]+Table10_1[[#This Row],[Comments]])/Table10_1[[#This Row],[Impressions]] -> 0.2184057
A48: P043 | B48: Instagram | C48: 45640 | D48: Carousel | E48: Check out our latest carousel on instagram! | F48: 2174 | G48: 658 | H48: 15 | I48: 13044 | J48: 12206 | K48: 137 | L48: #TeslaCoInnovation | M48: FSDUpdate | N48: =(Table10_1[[#This Row],[Likes]]+Table10_1[[#This Row],[Shares]]+Table10_1[[#This Row],[Comments]])/Table10_1[[#This Row],[Impressions]] -> 0.21826127
A49: P044 | B49: Twitter | C49: 45718 | D49: Image | E49: Check out our latest image on twitter! | F49: 2358 | G49: 784 | H49: 344 | I49: 35370 | J49: 34475 | K49: 216 | L49: #TeslaCoInnovation | N49: =(Table10_1[[#This Row],[Likes]]+Table10_1[[#This Row],[Shares]]+Table10_1[[#This Row],[Comments]])/Table10_1[[#This Row],[Impressions]] -> 0.0985581
A50: P045 | B50: Facebook | C50: 45597 | D50: Video | E50: Check out our latest video on facebook! | F50: 3371 | G50: 106 | H50: 327 | I50: 50565 | J50: 49816 | K50: 176 | L50: #FutureOfDriving | M50: CybertruckLaunch | N50: =(Table10_1[[#This Row],[Likes]]+Table10_1[[#This Row],[Shares]]+Table10_1[[#This Row],[Comments]])/Table10_1[[#This Row],[Impressions]] -> 0.075229902
A51: P046 | B51: Twitter | C51: 45779 | D51: Video | E51: Check out our latest video on twitter! | F51: 1108 | G51: 177 | H51: 212 | I51: 8864 | J51: 8710 | K51: 97 | L51: #TeslaCoInnovation | M51: SustainabilityDrive | N51: =(Table10_1[[#This Row],[Likes]]+Table10_1[[#This Row],[Shares]]+Table10_1[[#This Row],[Comments]])/Table10_1[[#This Row],[Impressions]] -> 0.16888538
A52: P047 | B52: Twitter | C52: 45712 | D52: Carousel | E52: Check out our latest carousel on twitter! | F52: 2704 | G52: 752 | H52: 153 | I52: 21632 | J52: 20792 | K52: 127 | L52: #FutureOfDriving | N52: =(Table10_1[[#This Row],[Likes]]+Table10_1[[#This Row],[Shares]]+Table10_1[[#This Row],[Comments]])/Table10_1[[#This Row],[Impressions]] -> 0.16683617
A53: P048 | B53: Twitter | C53: 45727 | D53: Story | E53: Check out our latest story on twitter! | F53: 1950 | G53: 295 | H53: 478 | I53: 37050 | J53: 36272 | K53: 119 | L53: #TeslaCoInnovation | N53: =(Table10_1[[#This Row],[Likes]]+Table10_1[[#This Row],[Shares]]+Table10_1[[#This Row],[Comments]])/Table10_1[[#This Row],[Impressions]] -> 0.073495277
A54: P049 | B54: Twitter | C54: 45453 | D54: Story | E54: Check out our latest story on twitter! | F54: 2164 | G54: 549 | H54: 274 | I54: 28132 | J54: 27361 | K54: 177 | L54: #TeslaCoInnovation | M54: SustainabilityDrive | N54: =(Table10_1[[#This Row],[Likes]]+Table10_1[[#This Row],[Shares]]+Table10_1[[#This Row],[Comments]])/Table10_1[[#This Row],[Impressions]] -> 0.10617802
A55: P050 | B55: YouTube | C55: 45476 | D55: Story | E55: Check out our latest story on youtube! | F55: 2754 | G55: 130 | H55: 90 | I55: 22032 | J55: 21288 | K55: 112 | L55: #TeslaCoInnovation | M55: FSDUpdate | N55: =(Table10_1[[#This Row],[Likes]]+Table10_1[[#This Row],[Shares]]+Table10_1[[#This Row],[Comments]])/Table10_1[[#This Row],[Impressions]] -> 0.13498548
A56: P051 | B56: Facebook | C56: 45456 | D56: Carousel | E56: Check out our latest carousel on facebook! | F56: 2200 | G56: 504 | H56: 239 | I56: 37400 | J56: 36938 | K56: 225 | L56: #FutureOfDriving | M56: ModelYCampaign | N56: =(Table10_1[[#This Row],[Likes]]+Table10_1[[#This Row],[Shares]]+Table10_1[[#This Row],[Comments]])/Table10_1[[#This Row],[Impressions]] -> 0.07868984
A57: P052 | B57: Facebook | C57: 45660 | D57: Image | E57: Check out our latest image on facebook! | F57: 947 | G57: 338 | H57: 350 | I57: 10417 | J57: 9730 | K57: 34 | L57: #TeslaCoInnovation | M57: SustainabilityDrive | N57: =(Table10_1[[#This Row],[Likes]]+Table10_1[[#This Row],[Shares]]+Table10_1[[#This Row],[Comments]])/Table10_1[[#This Row],[Impressions]] -> 0.15695498
A58: P053 | B58: YouTube | C58: 45712 | D58: Carousel | E58: Check out our latest carousel on youtube! | F58: 804 | G58: 639 | H58: 43 | I58: 4020 | J58: 3144 | K58: 11 | L58: #EVRevolution | N58: =(Table10_1[[#This Row],[Likes]]+Table10_1[[#This Row],[Shares]]+Table10_1[[#This Row],[Comments]])/Table10_1[[#This Row],[Impressions]] -> 0.36965174
A59: P053 | B59: YouTube | C59: 45712 | D59: Carousel | E59: Check out our latest carousel on youtube! | F59: 804 | G59: 639 | H59: 43 | I59: 4020 | J59: 3144 | K59: 11 | L59: #BetterWithTesla | N59: =(Table10_1[[#This Row],[Likes]]+Table10_1[[#This Row],[Shares]]+Table10_1[[#This Row],[Comments]])/Table10_1[[#This Row],[Impressions]] -> 0.36965174
A60: P054 | B60: YouTube | C60: 45729 | D60: Carousel | E60: Check out our latest carousel on youtube! | F60: 1686 | G60: 904 | H60: 472 | I60: 18546 | J60: 18171 | K60: 52 | L60: #FutureOfDriving | M60: ModelYCampaign | N60: =(Table10_1[[#This Row],[Likes]]+Table10_1[[#This Row],[Shares]]+Table10_1[[#This Row],[Comments]])/Table10_1[[#This Row],[Impressions]] -> 0.16510299
A61: P055 | B61: Facebook | C61: 45460 | D61: Image | E61: Check out our latest image on facebook! | F61: 1226 | G61: 119 | H61: 7 | I61: 14712 | J61: 14049 | K61: 123 | L61: #EVRevolution | M61: SustainabilityDrive | N61: =(Table10_1[[#This Row],[Likes]]+Table10_1[[#This Row],[Shares]]+Table10_1[[#This Row],[Comments]])/Table10_1[[#This Row],[Impressions]] -> 0.091897771
A62: P056 | B62: Facebook | C62: 45644 | D62: Carousel | E62: Check out our latest carousel on facebook! | F62: 2946 | G62: 498 | H62: 367 | I62: 29460 | J62: 28527 | K62: 60 | L62: #FutureOfDriving | M62: FSDUpdate | N62: =(Table10_1[[#This Row],[Likes]]+Table10_1[[#This Row],[Shares]]+Table10_1[[#This Row],[Comments]])/Table10_1[[#This Row],[Impressions]] -> 0.12936185
A63: P057 | B63: Twitter | C63: 45586 | D63: Video | E63: Check out our latest video on twitter! | F63: 2825 | G63: 535 | H63: 295 | I63: 45200 | J63: 44739 | K63: 169 | L63: #TeslaCoInnovation | M63: CybertruckLaunch | N63: =(Table10_1[[#This Row],[Likes]]+Table10_1[[#This Row],[Shares]]+Table10_1[[#This Row],[Comments]])/Table10_1[[#This Row],[Impressions]] -> 0.080862832
A64: P058 | B64: Instagram | C64: 45762 | D64: Reel | E64: Check out our latest reel on instagram! | F64: 103 | G64: 770 | H64: 19 | I64: 1030 | J64: 410 | K64: 262 | L64: #TeslaCoInnovation | M64: SustainabilityDrive | N64: =(Table10_1[[#This Row],[Likes]]+Table10_1[[#This Row],[Shares]]+Table10_1[[#This Row],[Comments]])/Table10_1[[#This Row],[Impressions]] -> 0.86601942
A65: P059 | B65: Instagram | C65: 45465 | D65: Text | E65: Check out our latest text on instagram! | F65: 2180 | G65: 263 | H65: 387 | I65: 30520 | J65: 30059 | K65: 174 | L65: #EVRevolution | N65: =(Table10_1[[#This Row],[Likes]]+Table10_1[[#This Row],[Shares]]+Table10_1[[#This Row],[Comments]])/Table10_1[[#This Row],[Impressions]] -> 0.092726081
A66: P060 | B66: Instagram | C66: 45685 | D66: Video | E66: Check out our latest video on instagram! | F66: 904 | G66: 973 | H66: 63 | I66: 11752 | J66: 11580 | K66: 84 | L66: #EVRevolution | M66: FSDUpdate | N66: =(Table10_1[[#This Row],[Likes]]+Table10_1[[#This Row],[Shares]]+Table10_1[[#This Row],[Comments]])/Table10_1[[#This Row],[Impressions]] -> 0.16507828
A67: P060 | B67: Instagram | C67: 45685 | D67: Video | E67: Check out our latest video on instagram! | F67: 904 | G67: 973 | H67: 63 | I67: 11752 | J67: 11580 | K67: 84 | L67: #TeslaCoInnovation | M67: FSDUpdate | N67: =(Table10_1[[#This Row],[Likes]]+Table10_1[[#This Row],[Shares]]+Table10_1[[#This Row],[Comments]])/Table10_1[[#This Row],[Impressions]] -> 0.16507828
A68: P060 | B68: Instagram | C68: 45685 | D68: Video | E68: Check out our latest video on instagram! | F68: 904 | G68: 973 | H68: 63 | I68: 11752 | J68: 11580 | K68: 84 | L68: #AnytimeIsTeslaTime | M68: FSDUpdate | N68: =(Table10_1[[#This Row],[Likes]]+Table10_1[[#This Row],[Shares]]+Table10_1[[#This Row],[Comments]])/Table10_1[[#This Row],[Impressions]] -> 0.16507828
A69: P061 | B69: Twitter | C69: 45540 | D69: Video | E69: Check out our latest video on twitter! | F69: 4886 | G69: 983 | H69: 409 | I69: 43974 | J69: 43239 | K69: 65 | L69: #TeslaCoInnovation | M69: CybertruckLaunch | N69: =(Table10_1[[#This Row],[Likes]]+Table10_1[[#This Row],[Shares]]+Table10_1[[#This Row],[Comments]])/Table10_1[[#This Row],[Impressions]] -> 0.14276618
A70: P062 | B70: Twitter | C70: 45618 | D70: Carousel | E70: Check out our latest carousel on twitter! | F70: 53 | G70: 81 | H70: 379 | I70: 954 | J70: 7 | K70: 148 | L70: #TeslaCoInnovation | M70: FSDUpdate | N70: =(Table10_1[[#This Row],[Likes]]+Table10_1[[#This Row],[Shares]]+Table10_1[[#This Row],[Comments]])/Table10_1[[#This Row],[Impressions]] -> 0.53773585
A71: P063 | B71: Twitter | C71: 45504 | D71: Carousel | E71: Check out our latest carousel on twitter! | F71: 4507 | G71: 217 | H71: 13 | I71: 90140 | J71: 89591 | K71: 125 | L71: #FutureOfDriving | M71: FSDUpdate | N71: =(Table10_1[[#This Row],[Likes]]+Table10_1[[#This Row],[Shares]]+Table10_1[[#This Row],[Comments]])/Table10_1[[#This Row],[Impressions]] -> 0.052551586
A72: P064 | B72: Facebook | C72: 45521 | D72: Image | E72: Check out our latest image on facebook! | F72: 2878 | G72: 248 | H72: 416 | I72: 43170 | J72: 42667 | K72: 75 | L72: #FutureOfDriving | M72: FSDUpdate | N72: =(Table10_1[[#This Row],[Likes]]+Table10_1[[#This Row],[Shares]]+Table10_1[[#This Row],[Comments]])/Table10_1[[#This Row],[Impressions]] -> 0.082047718
A73: P065 | B73: Instagram | C73: 45744 | D73: Story | E73: Check out our latest story on instagram! | F73: 1881 | G73: 501 | H73: 99 | I73: 20691 | J73: 19987 | K73: 289 | L73: #EVRevolution | N73: =(Table10_1[[#This Row],[Likes]]+Table10_1[[#This Row],[Shares]]+Table10_1[[#This Row],[Comments]])/Table10_1[[#This Row],[Impressions]] -> 0.11990721
A74: P066 | B74: Twitter | C74: 45499 | D74: Carousel | E74: Check out our latest carousel on twitter! | F74: 432 | G74: 171 | H74: 280 | I74: 3024 | J74: 2285 | K74: 184 | L74: #EVRevolution | M74: CybertruckLaunch | N74: =(Table10_1[[#This Row],[Likes]]+Table10_1[[#This Row],[Shares]]+Table10_1[[#This Row],[Comments]])/Table10_1[[#This Row],[Impressions]] -> 0.29199735
A75: P067 | B75: Facebook | C75: 45745 | D75: Carousel | E75: Check out our latest carousel on facebook! | F75: 4712 | G75: 568 | H75: 127 | I75: 84816 | J75: 84691 | K75: 100 | L75: #EVRevolution | M75: FSDUpdate | N75: =(Table10_1[[#This Row],[Likes]]+Table10_1[[#This Row],[Shares]]+Table10_1[[#This Row],[Comments]])/Table10_1[[#This Row],[Impressions]] -> 0.063749764
A76: P068 | B76: Instagram | C76: 45634 | D76: Story | E76: Check out our latest story on instagram! | F76: 2610 | G76: 126 | H76: 288 | I76: 15660 | J76: 15145 | K76: 73 | L76: #EVRevolution | N76: =(Table10_1[[#This Row],[Likes]]+Table10_1[[#This Row],[Shares]]+Table10_1[[#This Row],[Comments]])/Table10_1[[#This Row],[Impressions]] -> 0.19310345
A77: P069 | B77: Twitter | C77: 45724 | D77: Text | E77: Check out our latest text on twitter! | F77: 1292 | G77: 626 | H77: 496 | I77: 25840 | J77: 24916 | K77: 149 | L77: #FutureOfDriving | M77: FSDUpdate | N77: =(Table10_1[[#This Row],[Likes]]+Table10_1[[#This Row],[Shares]]+Table10_1[[#This Row],[Comments]])/Table10_1[[#This Row],[Impressions]] -> 0.093421053
A78: P070 | B78: Facebook | C78: 45749 | D78: Video | E78: Check out our latest video on facebook! | F78: 199 | G78: 772 | H78: 400 | I78: 3582 | J78: 2988 | K78: 43 | L78: #TeslaCoInnovation | N78: =(Table10_1[[#This Row],[Likes]]+Table10_1[[#This Row],[Shares]]+Table10_1[[#This Row],[Comments]])/Table10_1[[#This Row],[Impressions]] -> 0.38274707
A79: P071 | B79: YouTube | C79: 45537 | D79: Carousel | E79: Check out our latest carousel on youtube! | F79: 2551 | G79: 915 | H79: 205 | I79: 30612 | J79: 30360 | K79: 227 | L79: #TeslaCoInnovation | M79: ModelYCampaign | N79: =(Table10_1[[#This Row],[Likes]]+Table10_1[[#This Row],[Shares]]+Table10_1[[#This Row],[Comments]])/Table10_1[[#This Row],[Impressions]] -> 0.11992029
A80: P072 | B80: YouTube | C80: 45719 | D80: Reel | E80: Check out our latest reel on youtube! | F80: 296 | G80: 60 | H80: 141 | I80: 5624 | J80: 5239 | K80: 88 | L80: #EVRevolution | M80: ModelYCampaign | N80: =(Table10_1[[#This Row],[Likes]]+Table10_1[[#This Row],[Shares]]+Table10_1[[#This Row],[Comments]])/Table10_1[[#This Row],[Impressions]] -> 0.088371266
A81: P073 | B81: Facebook | C81: 45583 | D81: Story | E81: Check out our latest story on facebook! | F81: 4126 | G81: 426 | H81: 486 | I81: 78394 | J81: 77798 | K81: 88 | L81: #FutureOfDriving | M81: SustainabilityDrive | N81: =(Table10_1[[#This Row],[Likes]]+Table10_1[[#This Row],[Shares]]+Table10_1[[#This Row],[Comments]])/Table10_1[[#This Row],[Impressions]] -> 0.064265122
A82: P074 | B82: YouTube | C82: 45593 | D82: Reel | E82: Check out our latest reel on youtube! | F82: 1855 | G82: 200 | H82: 174 | I82: 16695 | J82: 16330 | K82: 123 | L82: #TeslaCoInnovation | M82: FSDUpdate | N82: =(Table10_1[[#This Row],[Likes]]+Table10_1[[#This Row],[Shares]]+Table10_1[[#This Row],[Comments]])/Table10_1[[#This Row],[Impressions]] -> 0.13351303
A83: P075 | B83: Instagram | C83: 45505 | D83: Reel | E83: Check out our latest reel on instagram! | F83: 1674 | G83: 929 | H83: 37 | I83: 21762 | J83: 20998 | K83: 255 | L83: #TeslaCoInnovation | M83: SustainabilityDrive | N83: =(Table10_1[[#This Row],[Likes]]+Table10_1[[#This Row],[Shares]]+Table10_1[[#This Row],[Comments]])/Table10_1[[#This Row],[Impressions]] -> 0.12131238
A84: P076 | B84: Twitter | C84: 45603 | D84: Story | E84: Check out our latest story on twitter! | F84: 1121 | G84: 135 | H84: 18 | I84: 15694 | J84: 14957 | K84: 99 | L84: #TeslaCoInnovation | M84: SustainabilityDrive | N84: =(Table10_1[[#This Row],[Likes]]+Table10_1[[#This Row],[Shares]]+Table10_1[[#This Row],[Comments]])/Table10_1[[#This Row],[Impressions]] -> 0.08117752
A85: P077 | B85: Facebook | C85: 45720 | D85: Story | E85: Check out our latest story on facebook! | F85: 1249 | G85: 116 | H85: 420 | I85: 8743 | J85: 8538 | K85: 63 | L85: #TeslaCoInnovation | N85: =(Table10_1[[#This Row],[Likes]]+Table10_1[[#This Row],[Shares]]+Table10_1[[#This Row],[Comments]])/Table10_1[[#This Row],[Impressions]] -> 0.20416333
A86: P078 | B86: Twitter | C86: 45460 | D86: Image | E86: Check out our latest image on twitter! | F86: 954 | G86: 324 | H86: 288 | I86: 19080 | J86: 18859 | K86: 21 | L86: #FutureOfDriving | M86: SustainabilityDrive | N86: =(Table10_1[[#This Row],[Likes]]+Table10_1[[#This Row],[Shares]]+Table10_1[[#This Row],[Comments]])/Table10_1[[#This Row],[Impressions]] -> 0.082075472
A87: P079 | B87: Instagram | C87: 45574 | D87: Carousel | E87: Check out our latest carousel on instagram! | F87: 3068 | G87: 137 | H87: 329 | I87: 39884 | J87: 39404 | K87: 266 | L87: #EVRevolution | M87: ModelYCampaign | N87: =(Table10_1[[#This Row],[Likes]]+Table10_1[[#This Row],[Shares]]+Table10_1[[#This Row],[Comments]])/Table10_1[[#This Row],[Impressions]] -> 0.08860696
A88: P080 | B88: Instagram | C88: 45456 | D88: Story | E88: Check out our latest story on instagram! | F88: 2103 | G88: 892 | H88: 103 | I88: 39957 | J88: 39466 | K88: 28 | L88: #FutureOfDriving | N88: =(Table10_1[[#This Row],[Likes]]+Table10_1[[#This Row],[Shares]]+Table10_1[[#This Row],[Comments]])/Table10_1[[#This Row],[Impressions]] -> 0.077533348
A89: P081 | B89: Instagram | C89: 45584 | D89: Story | E89: Check out our latest story on instagram! | F89: 1816 | G89: 29 | H89: 41 | I89: 19976 | J89: 19262 | K89: 283 | L89: #TeslaCoInnovation | M89: FSDUpdate | N89: =(Table10_1[[#This Row],[Likes]]+Table10_1[[#This Row],[Shares]]+Table10_1[[#This Row],[Comments]])/Table10_1[[#This Row],[Impressions]] -> 0.094413296
A90: P082 | B90: Instagram | C90: 45497 | D90: Image | E90: Check out our latest image on instagram! | F90: 725 | G90: 88 | H90: 428 | I90: 14500 | J90: 13637 | K90: 200 | L90: #FutureOfDriving | M90: FSDUpdate | N90: =(Table10_1[[#This Row],[Likes]]+Table10_1[[#This Row],[Shares]]+Table10_1[[#This Row],[Comments]])/Table10_1[[#This Row],[Impressions]] -> 0.085586207
A91: P082 | B91: Instagram | C91: 45497 | D91: Image | E91: Check out our latest image on instagram! | F91: 725 | G91: 88 | H91: 428 | I91: 14500 | J91: 13637 | K91: 200 | L91: #TeslaCoInnovation | M91: FSDUpdate | N91: =(Table10_1[[#This Row],[Likes]]+Table10_1[[#This Row],[Shares]]+Table10_1[[#This Row],[Comments]])/Table10_1[[#This Row],[Impressions]] -> 0.085586207
A92: P082 | B92: Instagram | C92: 45497 | D92: Image | E92: Check out our latest image on instagram! | F92: 725 | G92: 88 | H92: 428 | I92: 14500 | J92: 13637 | K92: 200 | L92: #AnytimeIsTeslaTime | M92: FSDUpdate | N92: =(Table10_1[[#This Row],[Likes]]+Table10_1[[#This Row],[Shares]]+Table10_1[[#This Row],[Comments]])/Table10_1[[#This Row],[Impressions]] -> 0.085586207
A93: P083 | B93: YouTube | C93: 45580 | D93: Video | E93: Check out our latest video on youtube! | F93: 1094 | G93: 472 | H93: 21 | I93: 9846 | J93: 9609 | K93: 112 | L93: #EVRevolution | N93: =(Table10_1[[#This Row],[Likes]]+Table10_1[[#This Row],[Shares]]+Table10_1[[#This Row],[Comments]])/Table10_1[[#This Row],[Impressions]] -> 0.16118221
A94: P084 | B94: Facebook | C94: 45635 | D94: Image | E94: Check out our latest image on facebook! | F94: 1841 | G94: 851 | H94: 342 | I94: 34979 | J94: 34154 | K94: 255 | L94: #FutureOfDriving | M94: SustainabilityDrive | N94: =(Table10_1[[#This Row],[Likes]]+Table10_1[[#This Row],[Shares]]+Table10_1[[#This Row],[Comments]])/Table10_1[[#This Row],[Impressions]] -> 0.086737757
A95: P085 | B95: Instagram | C95: 45766 | D95: Image | E95: Check out our latest image on instagram! | F95: 4177 | G95: 569 | H95: 55 | I95: 25062 | J95: 24847 | K95: 230 | L95: #FutureOfDriving | M95: CybertruckLaunch | N95: =(Table10_1[[#This Row],[Likes]]+Table10_1[[#This Row],[Shares]]+Table10_1[[#This Row],[Comments]])/Table10_1[[#This Row],[Impressions]] -> 0.19156492
A96: P086 | B96: YouTube | C96: 45684 | D96: Text | E96: Check out our latest text on youtube! | F96: 3428 | G96: 305 | H96: 85 | I96: 58276 | J96: 58052 | K96: 242 | L96: #EVRevolution | M96: SustainabilityDrive | N96: =(Table10_1[[#This Row],[Likes]]+Table10_1[[#This Row],[Shares]]+Table10_1[[#This Row],[Comments]])/Table10_1[[#This Row],[Impressions]] -> 0.065515821
A97: P086 | B97: YouTube | C97: 45684 | D97: Text | E97: Check out our latest text on youtube! | F97: 3428 | G97: 305 | H97: 85 | I97: 58276 | J97: 58052 | K97: 242 | L97: #BetterWithTesla | M97: SustainabilityDrive | N97: =(Table10_1[[#This Row],[Likes]]+Table10_1[[#This Row],[Shares]]+Table10_1[[#This Row],[Comments]])/Table10_1[[#This Row],[Impressions]] -> 0.065515821
A98: P087 | B98: Twitter | C98: 45449 | D98: Video | E98: Check out our latest video on twitter! | F98: 1436 | G98: 765 | H98: 496 | I98: 12924 | J98: 12701 | K98: 197 | L98: #FutureOfDriving | M98: FSDUpdate | N98: =(Table10_1[[#This Row],[Likes]]+Table10_1[[#This Row],[Shares]]+Table10_1[[#This Row],[Comments]])/Table10_1[[#This Row],[Impressions]] -> 0.20868152
A99: P088 | B99: Facebook | C99: 45480 | D99: Story | E99: Check out our latest story on facebook! | F99: 302 | G99: 47 | H99: 430 | I99: 5738 | J99: 4890 | K99: 25 | L99: #TeslaCoInnovation | M99: SustainabilityDrive | N99: =(Table10_1[[#This Row],[Likes]]+Table10_1[[#This Row],[Shares]]+Table10_1[[#This Row],[Comments]])/Table10_1[[#This Row],[Impressions]] -> 0.13576159
A100: P089 | B100: Twitter | C100: 45667 | D100: Image | E100: Check out our latest image on twitter! | F100: 2214 | G100: 249 | H100: 152 | I100: 15498 | J100: 14800 | K100: 180 | L100: #EVRevolution | N100: =(Table10_1[[#This Row],[Likes]]+Table10_1[[#This Row],[Shares]]+Table10_1[[#This Row],[Comments]])/Table10_1[[#This Row],[Impressions]] -> 0.16873145
A101: P090 | B101: Instagram | C101: 45446 | D101: Image | E101: Check out our latest image on instagram! | F101: 3861 | G101: 960 | H101: 101 | I101: 69498 | J101: 68817 | K101: 297 | L101: #TeslaCoInnovation | M101: SustainabilityDrive | N101: =(Table10_1[[#This Row],[Likes]]+Table10_1[[#This Row],[Shares]]+Table10_1[[#This Row],[Comments]])/Table10_1[[#This Row],[Impressions]] -> 0.070822182
A102: P091 | B102: Facebook | C102: 45740 | D102: Image | E102: Check out our latest image on facebook! | F102: 1263 | G102: 397 | H102: 357 | I102: 25260 | J102: 24615 | K102: 137 | L102: #EVRevolution | M102: SustainabilityDrive | N102: =(Table10_1[[#This Row],[Likes]]+Table10_1[[#This Row],[Shares]]+Table10_1[[#This Row],[Comments]])/Table10_1[[#This Row],[Impressions]] -> 0.079849565
A103: P092 | B103: Twitter | C103: 45586 | D103: Story | E103: Check out our latest story on twitter! | F103: 3801 | G103: 967 | H103: 401 | I103: 38010 | J103: 37625 | K103: 236 | L103: #FutureOfDriving | M103: FSDUpdate | N103: =(Table10_1[[#This Row],[Likes]]+Table10_1[[#This Row],[Shares]]+Table10_1[[#This Row],[Comments]])/Table10_1[[#This Row],[Impressions]] -> 0.13599053
...

Sheet Task 3
A1: Post ID | B1: Platform | C1: Likes | D1: Shares | E1: Comments | F1: Impressions | G1: Average Engagement Rate | J1: TASK 3: Platform Analysis
A2: P001 | B2: Twitter | C2: 1461 | D2: 184 | E2: 344 | F2: 21915 | G2: =((Posts!F2+Posts!G2+Posts!H2)/Posts!I2)*100 -> 9.0759754 | J2: Engagement | Follower Growth | Ad Spend ROI | Strategy Recommendation
A3: P002 | B3: Twitter | C3: 4054 | D3: 389 | E3: 493 | F3: 64864 | G3: =((Posts!F3+Posts!G3+Posts!H3)/Posts!I3)*100 -> 7.6097681
A4: P003 | B4: YouTube | C4: 2795 | D4: 105 | E4: 49 | F4: 53105 | G4: =((Posts!F4+Posts!G4+Posts!H4)/Posts!I4)*100 -> 5.5531494 | J4: Highlighted Platform with Highest Engagement
A5: P004 | B5: Instagram | C5: 2404 | D5: 363 | E5: 138 | F5: 19232 | G5: =((Posts!F5+Posts!G5+Posts!H5)/Posts!I5)*100 -> 15.105033 | J5: Row Labels | K5: Sum of Likes | L5: Sum of Shares | M5: Sum of Comments | N5: Sum of Impressions | O5: Average of Average Engagement Rate
A6: P005 | B6: YouTube | C6: 3557 | D6: 687 | E6: 424 | F6: 71140 | G6: =((Posts!F6+Posts!G6+Posts!H6)/Posts!I6)*100 -> 6.5617093 | J6: Facebook | K6: 242761 | L6: 39181 | M6: 23300 | N6: 3239154 | O6: 12.19729
A7: P006 | B7: Facebook | C7: 2945 | D7: 930 | E7: 355 | F7: 23560 | G7: =((Posts!F7+Posts!G7+Posts!H7)/Posts!I7)*100 -> 17.95416 | J7: Instagram | K7: 204284 | L7: 41444 | M7: 17851 | N7: 2325756 | O7: 19.329258
A8: P007 | B8: Twitter | C8: 3860 | D8: 201 | E8: 279 | F8: 61760 | G8: =((Posts!F8+Posts!G8+Posts!H8)/Posts!I8)*100 -> 7.0272021 | J8: Twitter | K8: 201397 | L8: 33728 | M8: 20880 | N8: 2560836 | O8: 14.368407
A9: P008 | B9: YouTube | C9: 3929 | D9: 262 | E9: 278 | F9: 43219 | G9: =((Posts!F9+Posts!G9+Posts!H9)/Posts!I9)*100 -> 10.34036 | J9: YouTube | K9: 171549 | L9: 28572 | M9: 12820 | N9: 2268407 | O9: 13.118494
A10: P009 | B10: Facebook | C10: 3784 | D10: 808 | E10: 404 | F10: 56760 | G10: =((Posts!F10+Posts!G10+Posts!H10)/Posts!I10)*100 -> 8.8019732 | J10: Grand Total | K10: 819991 | L10: 142925 | M10: 74851 | N10: 10394153 | O10: 14.828272
A11: P010 | B11: Facebook | C11: 4241 | D11: 902 | E11: 47 | F11: 72097 | G11: =((Posts!F11+Posts!G11+Posts!H11)/Posts!I11)*100 -> 7.1986352 | J11: Follower Growth rates across Platforms
A12: P011 | B12: Instagram | C12: 1792 | D12: 614 | E12: 497 | F12: 25088 | G12: =((Posts!F12+Posts!G12+Posts!H12)/Posts!I12)*100 -> 11.571269 | J12: Platform | K12: Total New Follows | L12: Total Unfollows | M12: Net Growth | N12: Growth Rate
A13: P012 | B13: Facebook | C13: 1946 | D13: 686 | E13: 377 | F13: 23352 | G13: =((Posts!F13+Posts!G13+Posts!H13)/Posts!I13)*100 -> 12.885406 | J13: Facebook | K13: =SUMIF('Task 3'!B2:B201,"Facebook",'Engagement Summary'!C2:C201) -> 51171 | L13: =SUMIF('Engagement Summary'!B2:B201,'Task 3'!J13,'Engagement Summary'!D2:D201) -> 15305 | M13: =K13-L13 -> 35866 | N13: =('Engagement Summary'!C2-'Engagement Summary'!D2)/'Engagement Summary'!E2 -> 0.0030428616
A14: P013 | B14: YouTube | C14: 1171 | D14: 286 | E14: 231 | F14: 22249 | G14: =((Posts!F14+Posts!G14+Posts!H14)/Posts!I14)*100 -> 7.5868578 | J14: Instagram | K14: =SUMIF('Task 3'!B3:B202,'Task 3'!J14,'Engagement Summary'!C3:C202) -> 61771 | L14: =SUMIF('Engagement Summary'!B3:B202,'Task 3'!J14,'Engagement Summary'!D3:D202) -> 10219 | M14: =K14-L14 -> 51552 | N14: =('Engagement Summary'!C3-'Engagement Summary'!D3)/'Engagement Summary'!E3 -> 0.023491349
A15: P014 | B15: Facebook | C15: 4242 | D15: 555 | E15: 131 | F15: 33936 | G15: =((Posts!F15+Posts!G15+Posts!H15)/Posts!I15)*100 -> 14.521452 | J15: YouTube | K15: =SUMIF('Task 3'!B4:B203,'Task 3'!J15,'Engagement Summary'!C4:C203) -> 42900 | L15: =SUMIF('Engagement Summary'!B4:B203,'Task 3'!J15,'Engagement Summary'!D4:D203) -> 12104 | M15: =K15-L15 -> 30796 | N15: =('Engagement Summary'!C4-'Engagement Summary'!D4)/'Engagement Summary'!E4 -> 0.0028263209
A16: P015 | B16: Facebook | C16: 3888 | D16: 604 | E16: 128 | F16: 77760 | G16: =((Posts!F16+Posts!G16+Posts!H16)/Posts!I16)*100 -> 5.941358 | J16: Twitter | K16: =SUMIF('Task 3'!B5:B204,'Task 3'!J16,'Engagement Summary'!C5:C204) -> 51839 | L16: =SUMIF('Engagement Summary'!B5:B204,'Task 3'!J16,'Engagement Summary'!D5:D204) -> 12138 | M16: =K16-L16 -> 39701 | N16: =('Engagement Summary'!C5-'Engagement Summary'!D5)/'Engagement Summary'!E5 -> 0.0027557542
A17: P016 | B17: Facebook | C17: 3452 | D17: 377 | E17: 360 | F17: 55232 | G17: =((Posts!F17+Posts!G17+Posts!H17)/Posts!I17)*100 -> 7.5843714
A18: P017 | B18: Facebook | C18: 4441 | D18: 511 | E18: 70 | F18: 53292 | G18: =((Posts!F18+Posts!G18+Posts!H18)/Posts!I18)*100 -> 9.4235533 | J18: Engagement vs. Ad Spend per platform
A19: P018 | B19: Instagram | C19: 3000 | D19: 382 | E19: 325 | F19: 36000 | G19: =((Posts!F19+Posts!G19+Posts!H19)/Posts!I19)*100 -> 10.297222 | J19: Platform | K19: Average Engagement Rate | L19: Toatal Ad Spend | M19: Efficiency
A20: P019 | B20: Instagram | C20: 1071 | D20: 519 | E20: 22 | F20: 16065 | G20: =((Posts!F20+Posts!G20+Posts!H20)/Posts!I20)*100 -> 10.034236 | J20: Facebook | K20: =AVERAGEIF('Task 3'!B2:B201,'Task 3'!J20,'Engagement Summary'!F2:F201) -> 5.4732653 | L20: =SUMIF('Engagement Summary'!B2:B201,J20,'Engagement Summary'!G2:G201) -> 1379539 | M20: =(K20/L20)*10000 -> 0.039674596
A21: P020 | B21: Instagram | C21: 4054 | D21: 488 | E21: 373 | F21: 77026 | G21: =((Posts!F21+Posts!G21+Posts!H21)/Posts!I21)*100 -> 6.3809623 | J21: Instagram | K21: =AVERAGEIF('Task 3'!B3:B202,'Task 3'!J21,'Engagement Summary'!F2:F202) -> 5.7401754 | L21: =SUMIF('Engagement Summary'!B3:B202,J21,'Engagement Summary'!G3:G202) -> 1158469 | M21: =(K21/L21)*10000 -> 0.049549668
A22: P021 | B22: Instagram | C22: 4838 | D22: 640 | E22: 128 | F22: 72570 | G22: =((Posts!F22+Posts!G22+Posts!H22)/Posts!I22)*100 -> 7.7249552 | J22: YouTube | K22: =AVERAGEIF('Task 3'!B4:B203,'Task 3'!J22,'Engagement Summary'!F2:F203) -> 5.1355814 | L22: =SUMIF('Engagement Summary'!B4:B203,J22,'Engagement Summary'!G4:G203) -> 1228647 | M22: =(K22/L22)*10000 -> 0.041798673
A23: P022 | B23: Facebook | C23: 1570 | D23: 187 | E23: 260 | F23: 25120 | G23: =((Posts!F23+Posts!G23+Posts!H23)/Posts!I23)*100 -> 8.0294586 | J23: Twitter | K23: =AVERAGEIF('Task 3'!B5:B204,'Task 3'!J23,'Engagement Summary'!F2:F204) -> 5.705 | L23: =SUMIF('Engagement Summary'!B5:B204,J23,'Engagement Summary'!G5:G204) -> 1033605 | M23: =(K23/L23)*10000 -> 0.055195166
A24: P023 | B24: Facebook | C24: 1606 | D24: 547 | E24: 316 | F24: 32120 | G24: =((Posts!F24+Posts!G24+Posts!H24)/Posts!I24)*100 -> 7.6867995
A25: P024 | B25: Facebook | C25: 3961 | D25: 761 | E25: 131 | F25: 67337 | G25: =((Posts!F25+Posts!G25+Posts!H25)/Posts!I25)*100 -> 7.2070333
A26: P025 | B26: Twitter | C26: 3128 | D26: 211 | E26: 197 | F26: 59432 | G26: =((Posts!F26+Posts!G26+Posts!H26)/Posts!I26)*100 -> 5.9496568
A27: P026 | B27: YouTube | C27: 3009 | D27: 413 | E27: 358 | F27: 42126 | G27: =((Posts!F27+Posts!G27+Posts!H27)/Posts!I27)*100 -> 8.9730808
A28: P027 | B28: YouTube | C28: 2076 | D28: 195 | E28: 104 | F28: 33216 | G28: =((Posts!F28+Posts!G28+Posts!H28)/Posts!I28)*100 -> 7.1501686
A29: P028 | B29: Instagram | C29: 432 | D29: 624 | E29: 123 | F29: 6912 | G29: =((Posts!F29+Posts!G29+Posts!H29)/Posts!I29)*100 -> 17.057292
A30: P029 | B30: Instagram | C30: 2566 | D30: 118 | E30: 37 | F30: 12830 | G30: =((Posts!F30+Posts!G30+Posts!H30)/Posts!I30)*100 -> 21.208106
A31: P030 | B31: Instagram | C31: 3095 | D31: 39 | E31: 78 | F31: 55710 | G31: =((Posts!F31+Posts!G31+Posts!H31)/Posts!I31)*100 -> 5.7655717
A32: P031 | B32: Instagram | C32: 438 | D32: 153 | E32: 275 | F32: 3066 | G32: =((Posts!F32+Posts!G32+Posts!H32)/Posts!I32)*100 -> 28.245271
A33: P032 | B33: Twitter | C33: 2278 | D33: 10 | E33: 321 | F33: 13668 | G33: =((Posts!F33+Posts!G33+Posts!H33)/Posts!I33)*100 -> 19.088382
A34: P033 | B34: Facebook | C34: 1407 | D34: 400 | E34: 351 | F34: 16884 | G34: =((Posts!F34+Posts!G34+Posts!H34)/Posts!I34)*100 -> 12.781331
A35: P034 | B35: Facebook | C35: 1652 | D35: 89 | E35: 357 | F35: 29736 | G35: =((Posts!F35+Posts!G35+Posts!H35)/Posts!I35)*100 -> 7.055421
... A301: P300 | B301: Twitter | C301: 4494 | D301: 717 | E301: 45 | F301: 62916 | G301: =((Posts!F301+Posts!G301+Posts!H301)/Posts!I301)*100 -> 8.3539958

Sheet Task 4
A1: TASK 4: Hashtag & Content Strategy
A2: Most Used Hashtags | Content Performance | Platform Recommendations
A3: Most Frequently used Tesla hashtags
A4: Hashtags | B4: Times Used | C4: Average Like | D4: Average Comment | E4: Average Shares | F4: Average Impression | G4: Average Engagement Rate
A5: #TeslaCoInnovation | B5: =COUNTIF(Table10_1[Hashtags Used],'Task 4'!A5) -> 107 | C5: =AVERAGEIF(Table10_1[Hashtags Used],'Task 4'!A5,Table10_1[Likes]) -> 2705.1028 | D5: =AVERAGEIF(Table10_1[Hashtags Used],'Task 4'!A5,Table10_1[Comments]) -> 254.18692 | E5: =AVERAGEIF(Table10_1[Hashtags Used],'Task 4'!A5,Table10_1[Shares]) -> 458.01869 | F5: =AVERAGEIF(Table10_1[Hashtags Used],'Task 4'!A5,Table10_1[Impressions]) -> 35914 | G5: =AVERAGEIF(Table10_1[Hashtags Used],'Task 4'!A5,Table10_1[Engagement Rate]) -> 0.14515321
A6: #FutureOfDriving | B6: =COUNTIF(Table10_1[Hashtags Used],'Task 4'!A6) -> 103 | C6: =AVERAGEIF(Table10_1[Hashtags Used],'Task 4'!A6,Table10_1[Likes]) -> 2634.7184 | D6: =AVERAGEIF(Table10_1[Hashtags Used],'Task 4'!A6,Table10_1[Comments]) -> 262.50485 | E6: =AVERAGEIF(Table10_1[Hashtags Used],'Task 4'!A6,Table10_1[Shares]) -> 508.63107 | F6: =AVERAGEIF(Table10_1[Hashtags Used],'Task 4'!A6,Table10_1[Impressions]) -> 33348.99 | G6: =AVERAGEIF(Table10_1[Hashtags Used],'Task 4'!A6,Table10_1[Engagement Rate]) -> 0.14123247
A7: #EVRevolution | B7: =COUNTIF(Table10_1[Hashtags Used],'Task 4'!A7) -> 102 | C7: =AVERAGEIF(Table10_1[Hashtags Used],'Task 4'!A7,Table10_1[Likes]) -> 2838.8039 | D7: =AVERAGEIF(Table10_1[Hashtags Used],'Task 4'!A7,Table10_1[Comments]) -> 230.95098 | E7: =AVERAGEIF(Table10_1[Hashtags Used],'Task 4'!A7,Table10_1[Shares]) -> 464.96078 | F7: =AVERAGEIF(Table10_1[Hashtags Used],'Task 4'!A7,Table10_1[Impressions]) -> 34738.824 | G7: =AVERAGEIF(Table10_1[Hashtags Used],'Task 4'!A7,Table10_1[Engagement Rate]) -> 0.15386133
A8: #AnytimeIsTeslaTime | B8: =COUNTIF(Table10_1[Hashtags Used],'Task 4'!A8) -> 15 | C8: =AVERAGEIF(Table10_1[Hashtags Used],'Task 4'!A8,Table10_1[Likes]) -> 2219.6 | D8: =AVERAGEIF(Table10_1[Hashtags Used],'Task 4'!A8,Table10_1[Comments]) -> 257.4 | E8: =AVERAGEIF(Table10_1[Hashtags Used],'Task 4'!A8,Table10_1[Shares]) -> 423.93333 | F8: =AVERAGEIF(Table10_1[Hashtags Used],'Task 4'!A8,Table10_1[Impressions]) -> 27974.133 | G8: =AVERAGEIF(Table10_1[Hashtags Used],'Task 4'!A8,Table10_1[Engagement Rate]) -> 0.11636074
A9: #BetterWithTesla | B9: =COUNTIF(Table10_1[Hashtags Used],'Task 4'!A9) -> 7 | C9: =AVERAGEIF(Table10_1[Hashtags Used],'Task 4'!A9,Table10_1[Likes]) -> 3451.7143 | D9: =AVERAGEIF(Table10_1[Hashtags Used],'Task 4'!A9,Table10_1[Comments]) -> 151 | E9: =AVERAGEIF(Table10_1[Hashtags Used],'Task 4'!A9,Table10_1[Shares]) -> 540.57143 | F9: =AVERAGEIF(Table10_1[Hashtags Used],'Task 4'!A9,Table10_1[Impressions]) -> 47972 | G9: =AVERAGEIF(Table10_1[Hashtags Used],'Task 4'!A9,Table10_1[Engagement Rate]) -> 0.12589595
A10: #SmoothLikeNitroTesla | B10: =COUNTIF(Table10_1[Hashtags Used],'Task 4'!A10) -> 5 | C10: =AVERAGEIF(Table10_1[Hashtags Used],'Task 4'!A10,Table10_1[Likes]) -> 3127.8 | D10: =AVERAGEIF(Table10_1[Hashtags Used],'Task 4'!A10,Table10_1[Comments]) -> 283.4 | E10: =AVERAGEIF(Table10_1[Hashtags Used],'Task 4'!A10,Table10_1[Shares]) -> 356.2 | F10: =AVERAGEIF(Table10_1[Hashtags Used],'Task 4'!A10,Table10_1[Impressions]) -> 36447.2 | G10: =AVERAGEIF(Table10_1[Hashtags Used],'Task 4'!A10,Table10_1[Engagement Rate]) -> 0.11481754
A12: Comparision based on Content Type
A13: Content Type | B13: Post Count | C13: Average Likes | D13: Average Shares | E13: Average Comments | F13: Average Impressions | G13: Average Engagement Rate
A14: Story | B14: =COUNTIF(Posts!D2:D301,'Task 4'!A14) -> 46 | C14: =AVERAGEIF(Posts!D2:D301,'Task 4'!A14,Posts!F2:F301) -> 2706.2609 | D14: =AVERAGEIF(Posts!D2:D301,'Task 4'!A14,Posts!G2:G301) -> 520.76087 | E14: =AVERAGEIF(Posts!D2:D301,'Task 4'!A14,Posts!H2:H301) -> 263.19565 | F14: =AVERAGEIF(Posts!D2:D301,'Task 4'!A14,Posts!I2:I301) -> 32188.174 | G14: =AVERAGEIF(Table10_1[Content Type],'Task 4'!A14,Table10_1[Engagement Rate]) -> 0.18023669
A15: Reel | B15: =COUNTIF(Posts!D3:D302,'Task 4'!A15) -> 46 | C15: =AVERAGEIF(Posts!D3:D302,'Task 4'!A15,Posts!F3:F302) -> 2749.6522 | D15: =AVERAGEIF(Posts!D3:D302,'Task 4'!A15,Posts!G3:G302) -> 500.36957 | E15: =AVERAGEIF(Posts!D3:D302,'Task 4'!A15,Posts!H3:H302) -> 238.6087 | F15: =AVERAGEIF(Posts!D3:D302,'Task 4'!A15,Posts!I3:I302) -> 35518.935 | G15: =AVERAGEIF(Table10_1[Content Type],'Task 4'!A15,Table10_1[Engagement Rate]) -> 0.15209713
A16: Carousel | B16: =COUNTIF(Posts!D4:D303,'Task 4'!A16) -> 59 | C16: =AVERAGEIF(Posts!D4:D303,'Task 4'!A16,Posts!F4:F303) -> 2745.7458 | D16: =AVERAGEIF(Posts!D4:D303,'Task 4'!A16,Posts!G4:G303) -> 448.66102 | E16: =AVERAGEIF(Posts!D4:D303,'Task 4'!A16,Posts!H4:H303) -> 245.89831 | F16: =AVERAGEIF(Posts!D4:D303,'Task 4'!A16,Posts!I4:I303) -> 35842.932 | G16: =AVERAGEIF(Table10_1[Content Type],'Task 4'!A16,Table10_1[Engagement Rate]) -> 0.14726326
A17: Video | B17: =COUNTIF(Posts!D5:D304,'Task 4'!A17) -> 43 | C17: =AVERAGEIF(Posts!D5:D304,'Task 4'!A17,Posts!F5:F304) -> 2688.2558 | D17: =AVERAGEIF(Posts!D5:D304,'Task 4'!A17,Posts!G5:G304) -> 488.25581 | E17: =AVERAGEIF(Posts!D5:D304,'Task 4'!A17,Posts!H5:H304) -> 239.04651 | F17: =AVERAGEIF(Posts!D5:D304,'Task 4'!A17,Posts!I5:I304) -> 32611.093 | G17: =AVERAGEIF(Table10_1[Content Type],'Task 4'!A17,Table10_1[Engagement Rate]) -> 0.14098987
A18: Image | B18: =COUNTIF(Posts!D6:D305,'Task 4'!A18) -> 63 | C18: =AVERAGEIF(Posts!D6:D305,'Task 4'!A18,Posts!F6:F305) -> 2753.4603 | D18: =AVERAGEIF(Posts!D6:D305,'Task 4'!A18,Posts!G6:G305) -> 470 | E18: =AVERAGEIF(Posts!D6:D305,'Task 4'!A18,Posts!H6:H305) -> 259.55556 | F18: =AVERAGEIF(Posts!D6:D305,'Task 4'!A18,Posts!I6:I305) -> 35876.873 | G18: =AVERAGEIF(Table10_1[Content Type],'Task 4'!A18,Table10_1[Engagement Rate]) -> 0.13320105
A19: Text | B19: =COUNTIF(Posts!D7:D306,'Task 4'!A19) -> 41 | C19: =AVERAGEIF(Posts!D7:D306,'Task 4'!A19,Posts!F7:F306) -> 2742.4878 | D19: =AVERAGEIF(Posts!D7:D306,'Task 4'!A19,Posts!G7:G306) -> 446.43902 | E19: =AVERAGEIF(Posts!D7:D306,'Task 4'!A19,Posts!H7:H306) -> 238.82927 | F19: =AVERAGEIF(Posts!D7:D306,'Task 4'!A19,Posts!I7:I306) -> 34526.683 | G19: =AVERAGEIF(Table10_1[Content Type],'Task 4'!A19,Table10_1[Engagement Rate]) -> 0.11693454
A27: Content type per Platform | E27: Content Performance of Images, Videos, Carousel,Reel and Story
A28: Row Labels | B28: Average of Engagement Rate | C28: Count of Engagement Rate | E28: Platform | F28: Content Type | G28: Average of Engagement Rate | H28: Count of Engagement Rate
A29: Facebook | B29: 0.12094203 | C29: 93 | E29: Facebook | F29: Carousel | G29: 0.1182059 | H29: 14
A30: Carousel | B30: 0.1182059 | C30: 14 | F30: Image | G30: 0.11745425 | H30: 28
A31: Image | B31: 0.11745425 | C31: 28 | F31: Reel | G31: 0.1098686 | H31: 14
A32: Reel | B32: 0.1098686 | C32: 14 | F32: Story | G32: 0.15898978 | H32: 11
A33: Story | B33: 0.15898978 | C33: 11 | F33: Video | G33: 0.12378368 | H33: 10
A34: Text | B34: 0.11119518 | C34: 16 | E34: Facebook Total | G34: 0.12296735 | H34: 77
A35: Video | B35: 0.12378368 | C35: 10 | E35: Instagram | F35: Carousel | G35: 0.14358583 | H35: 19
A36: Instagram | B36: 0.18531785 | C36: 88 | F36: Image | G36: 0.13475594 | H36: 13
A37: Carousel | B37: 0.14358583 | C37: 19 | F37: Reel | G37: 0.26004033 | H37: 13
A38: Image | B38: 0.13475594 | C38: 13 | F38: Story | G38: 0.22896901 | H38: 19
A39: Reel | B39: 0.26004033 | C39: 13 | F39: Video | G39: 0.20035942 | H39: 14
A40: Story | B40: 0.22896901 | C40: 19 | E40: Instagram Total | G40: 0.19251186 | H40: 78
A41: Text | B41: 0.12920449 | C41: 10 | E41: Twitter | F41: Carousel | G41: 0.14537055 | H41: 22
A42: Video | B42: 0.20035942 | C42: 14 | F42: Image | G42: 0.14530583 | H42: 22
A43: Twitter | B43: 0.13739369 | C43: 92 | F43: Reel | G43: 0.12148739 | H43: 12
A44: Carousel | B44: 0.14537055 | C44: 22 | F44: Story | G44: 0.18859717 | H44: 9
A45: Image | B45: 0.14530583 | C45: 22 | F45: Video | G45: 0.11228207 | H45: 15
A46: Reel | B46: 0.12148739 | C46: 12 | E46: Twitter Total | G46: 0.14042918 | H46: 80
A47: Story | B47: 0.18859717 | C47: 9 | E47: YouTube | F47: Carousel | G47: 0.19045606 | H47: 12
A48: Text | B48: 0.11715706 | C48: 12 | F48: Image | G48: 0.15035568 | H48: 9
A49: Video | B49: 0.11228207 | C49: 15 | F49: Reel | G49: 0.12032962 | H49: 14
A50: YouTube | B50: 0.13298735 | C50: 66 | F50: Story | G50: 0.09496533 | H50: 9
A51: Carousel | B51: 0.19045606 | C51: 12 | F51: Video | G51: 0.12194863 | H51: 12
A52: Image | B52: 0.15035568 | C52: 9 | E52: YouTube Total | G52: 0.13645286 | H52: 56
A53: Reel | B53: 0.12032962 | C53: 14 | E53: Grand Total | G53: 0.1490038 | H53: 291
A54: Story | B54: 0.09496533 | C54: 9
A55: Text | B55: 0.11358051 | C55: 10
A56: Video | B56: 0.12194863 | C56: 12
A57: Grand Total | B57: 0.14446302 | C57: 339

Sheet Task 5
A1: TASK 5: Campaign Effectiveness
A2: Impressions | Likes | Clicks | ROI | Follower Impact
A3: Campaign_Name | B3: Posts | C3: Total Budget | D3: Total Impression | E3: Average Impression | F3: Total Likes | G3: Average Likes | H3: Total Clicks | I3: Average Clicks | J3: Average Engagement Rate | K3: ROI Score
A4: CybertruckLaunch | B4: =COUNTIFS(Posts!M2:M301,'Task 5'!A4) -> 48 | C4: 150000 | D4: =SUMIF(Posts!M2:M301,'Task 5'!A4,Posts!I2:I301) -> 1846272 | E4: =AVERAGEIF(Posts!M2:M301,'Task 5'!A4,Posts!I2:I301) -> 38464 | F4: =SUMIF(Posts!M2:M301,'Task 5'!A4,Posts!F2:F301) -> 138793 | G4: =AVERAGEIF(Posts!M2:M301,'Task 5'!A4,Posts!F2:F301) -> 2891.5208 | H4: =SUMIF(Posts!M2:M301,'Task 5'!A4,Posts!K2:K301) -> 6434 | I4: =AVERAGEIF(Posts!M2:M301,'Task 5'!A4,Posts!K2:K301) -> 134.04167 | J4: =AVERAGEIF(Table10_1[Campaign_Name],'Task 5'!A4,Table10_1[Engagement Rate]) -> 0.12527056 | K4: =D4/C4 -> 12.30848
A5: ModelYCampaign | B5: =COUNTIFS(Posts!M3:M302,'Task 5'!A5) -> 58 | C5: 200000 | D5: =SUMIF(Posts!M3:M302,'Task 5'!A5,Posts!I3:I302) -> 1986356 | E5: =AVERAGEIF(Posts!M2:M301,A5,Posts!I2:I301) -> 34247.517 | F5: =SUMIF(Posts!M3:M302,'Task 5'!A5,Posts!F3:F302) -> 159783 | G5: =AVERAGEIF(Posts!M3:M302,'Task 5'!A5,Posts!F3:F302) -> 2754.8793 | H5: =SUMIF(Posts!M3:M302,'Task 5'!A5,Posts!K3:K302) -> 9872 | I5: =AVERAGEIF(Posts!M3:M302,'Task 5'!A5,Posts!K3:K302) -> 170.2069 | J5: =AVERAGEIF(Table10_1[Campaign_Name],'Task 5'!A5,Table10_1[Engagement Rate]) -> 0.13733131 | K5: =D5/C5 -> 9.93178
A6: FSDUpdate | B6: =COUNTIFS(Posts!M4:M303,'Task 5'!A6) -> 67 | C6: 250000 | D6: =SUMIF(Posts!M4:M303,'Task 5'!A6,Posts!I4:I303) -> 2266053 | E6: =AVERAGEIF(Posts!M3:M302,A6,Posts!I3:I302) -> 33821.687 | F6: =SUMIF(Posts!M4:M303,'Task 5'!A6,Posts!F4:F303) -> 183346 | G6: =AVERAGEIF(Posts!M4:M303,'Task 5'!A6,Posts!F4:F303) -> 2736.5075 | H6: =SUMIF(Posts!M4:M303,'Task 5'!A6,Posts!K4:K303) -> 10032 | I6: =AVERAGEIF(Posts!M4:M303,'Task 5'!A6,Posts!K4:K303) -> 149.73134 | J6: =AVERAGEIF(Table10_1[Campaign_Name],'Task 5'!A6,Table10_1[Engagement Rate]) -> 0.14000695 | K6: =D6/C6 -> 9.064212
A7: SustainabilityDrive | B7: =COUNTIFS(Posts!M5:M304,'Task 5'!A7) -> 71 | C7: 180000 | D7: =SUMIF(Posts!M5:M304,'Task 5'!A7,Posts!I5:I304) -> 2464864 | E7: =AVERAGEIF(Posts!M4:M303,A7,Posts!I4:I303) -> 34716.394 | F7: =SUMIF(Posts!M5:M304,'Task 5'!A7,Posts!F5:F304) -> 187909 | G7: =AVERAGEIF(Posts!M5:M304,'Task 5'!A7,Posts!F5:F304) -> 2646.6056 | H7: =SUMIF(Posts!M5:M304,'Task 5'!A7,Posts!K5:K304) -> 10689 | I7: =AVERAGEIF(Posts!M5:M304,'Task 5'!A7,Posts!K5:K304) -> 150.5493 | J7: =AVERAGEIF(Table10_1[Campaign_Name],'Task 5'!A7,Table10_1[Engagement Rate]) -> 0.14521464 | K7: =D7/C7 -> 13.693689
A10: Campaign | B10: Start Date | C10: End Date | D10: Posts Before | E10: Posts During | F10: Avg Eng Rate Before | G10: Avg Eng Rate During | H10: Difference | I10: Uplift
A11: CybertruckLaunch | B11: 45458 | C11: 45488 | D11: =COUNTIFS(Posts!C2:C301,"<"&'Task 5'!B11) -> 17 | E11: =COUNTIFS(Posts!C2:C301,">="&'Task 5'!B11,Posts!C2:C301,"<="&'Task 5'!C11) -> 27 | F11: =AVERAGEIFS(Posts!N2:N301,Posts!C2:C301,"<"&'Task 5'!B11,Posts!M2:M301,'Task 5'!A11) -> 0.18256403 | G11: =AVERAGEIFS(Table10_1[Engagement Rate],Table10_1[Campaign_Name],'Task 5'!A11,Table10_1[Date],">="&B11,Table10_1[Date],"<="&C11) -> 0.075350276 | H11: =G11-F11 -> -0.10721375 | I11: =H11/F11 -> -0.58726658
A12: ModelYCampaign | B12: 45566 | C12: 45596 | D12: =COUNTIFS(Posts!C3:C302,"<"&'Task 5'!B12) -> 104 | E12: =COUNTIFS(Posts!C3:C302,">="&'Task 5'!B12,Posts!C3:C302,"<="&'Task 5'!C12) -> 35 | F12: =AVERAGEIFS(Posts!N3:N302,Posts!C3:C302,"<"&'Task 5'!B12,Posts!M3:M302,'Task 5'!A12) -> 0.12623972 | G12: =AVERAGEIFS(Table10_1[Engagement Rate],Table10_1[Campaign_Name],'Task 5'!A12,Table10_1[Date],">="&B12,Table10_1[Date],"<="&C12) -> 0.15063545 | H12: =G12-F12 -> 0.024395732 | I12: =H12/F12 -> 0.19324926
A13: FSDUpdate | B13: 45651 | C13: 45667 | D13: =COUNTIFS(Posts!C4:C303,"<"&'Task 5'!B13) -> 187 | E13: =COUNTIFS(Posts!C4:C303,">="&'Task 5'!B13,Posts!C4:C303,"<="&'Task 5'!C13) -> 10 | F13: =AVERAGEIFS(Posts!N4:N303,Posts!C4:C303,"<"&'Task 5'!B13,Posts!M4:M303,'Task 5'!A13) -> 0.1474176 | G13: =AVERAGEIFS(Table10_1[Engagement Rate],Table10_1[Campaign_Name],'Task 5'!A13,Table10_1[Date],">="&B13,Table10_1[Date],"<="&C13) -> 0.19036826 | H13: =G13-F13 -> 0.042950656 | I13: =H13/F13 -> 0.29135365
A14: SustainabilityDrive | B14: 45717 | C14: 45747 | D14: =COUNTIFS(Posts!C5:C304,"<"&'Task 5'!B14) -> 233 | E14: =COUNTIFS(Posts!C5:C304,">="&'Task 5'!B14,Posts!C5:C304,"<="&'Task 5'!C14) -> 32 | F14: =AVERAGEIFS(Posts!N5:N304,Posts!C5:C304,"<"&'Task 5'!B14,Posts!M5:M304,'Task 5'!A14) -> 0.13753714 | G14: =AVERAGEIFS(Table10_1[Engagement Rate],Table10_1[Campaign_Name],'Task 5'!A14,Table10_1[Date],">="&B14,Table10_1[Date],"<="&C14) -> 0.10884049 | H14: =G14-F14 -> -0.028696653 | I14: =H14/F14 -> -0.20864657
A18: Average Engagement Rate with and without Campaign
A20: Type | B20: Posts | C20: Average Engagement Rate
A21: Campaign Posts | B21: =COUNTIF(Posts!M2:M301,"<>") -> 244 | C21: =AVERAGEIF(Posts!M2:M301,"<>",Posts!N2:N301) -> 0.14278604
A22: Without Campaign Posts | B22: =COUNTIF(Posts!M2:M301,"") -> 56 | C22: =AVERAGEIF(Posts!M2:M301,"",Posts!N2:N301) -> 0.17223258
A23: Total | B23: =SUM(B21,B22) -> 300
A30: Key Insights
A31: Campaign with high uplift is FSDUpdate.
A32: Campaign with second highest is ModelYCampaign.
A33: CybertruckLaunch is the most lowest campaign
A34: CybertruckLaunch is the second lowest campaign

Sheet Task 6 Data
A1: Week_Start_Date | B1: Platform | C1: New_Followers | D1: Unfollows | E1: Net Followers | F1: Total_Followers | G1: Engagement_Rate | H1: Ad_Spend | I1: 4 Week Average
A2: 45446 | B2: Instagram | C2: 1135 | D2: 88 | E2: =C2-D2 -> 1047 | F2: 344084 | G2: 8.06 | H2: 5904 | I2: =AVERAGE(E2:E5) -> 888.5
A3: 45446 | B3: Facebook | C3: 1312 | D3: 310 | E3: =C3-D3 -> 1002 | F3: 42654 | G3: 4.98 | H3: 9566 | I3: =AVERAGE(E3:E6) -> 756
A4: 45446 | B4: Twitter | C4: 584 | D4: 169 | E4: =C4-D4 -> 415 | F4: 146834 | G4: 8.31 | H4: 26752 | I4: =AVERAGE(E4:E7) -> 826.25
A5: 45446 | B5: YouTube | C5: 1535 | D5: 445 | E5: =C5-D5 -> 1090 | F5: 395536 | G5: 4.11 | H5: 30671 | I5: =AVERAGE(E5:E8) -> 769
A6: 45453 | B6: Instagram | C6: 656 | D6: 139 | E6: =C6-D6 -> 517 | F6: 49157 | G6: 9.05 | H6: 9920 | I6: =AVERAGE(E6:E9) -> 745
A7: 45453 | B7: Facebook | C7: 1697 | D7: 414 | E7: =C7-D7 -> 1283 | F7: 316555 | G7: 2.37 | H7: 7924 | I7: =AVERAGE(E7:E10) -> 839
A8: 45453 | B8: Twitter | C8: 436 | D8: 250 | E8: =C8-D8 -> 186 | F8: 254347 | G8: 4.01 | H8: 8912 | I8: =AVERAGE(E8:E11) -> 863.75
A9: 45453 | B9: YouTube | C9: 1197 | D9: 203 | E9: =C9-D9 -> 994 | F9: 413878 | G9: 3.16 | H9: 21205 | I9: =AVERAGE(E9:E12) -> 1141
A10: 45460 | B10: Instagram | C10: 1048 | D10: 155 | E10: =C10-D10 -> 893 | F10: 456946 | G10: 2.46 | H10: 11329 | I10: =AVERAGE(E10:E13) -> 976.75
A11: 45460 | B11: Facebook | C11: 1753 | D11: 371 | E11: =C11-D11 -> 1382 | F11: 169496 | G11: 8.11 | H11: 46670 | I11: =AVERAGE(E11:E14) -> 910.75
A12: 45460 | B12: Twitter | C12: 1335 | D12: 40 | E12: =C12-D12 -> 1295 | F12: 122732 | G12: 8.19 | H12: 22482 | I12: =AVERAGE(E12:E15) -> 982.75
A13: 45460 | B13: YouTube | C13: 403 | D13: 66 | E13: =C13-D13 -> 337 | F13: 382851 | G13: 3.49 | H13: 24313 | I13: =AVERAGE(E13:E16) -> 867.75
... A201: 45789 | B201: YouTube | C201: 119 | D201: 456 | E201: =C201-D201 -> -337 | F201: 82558 | G201: 6.81 | H201: 12174 | I201: =AVERAGE(E201:E204) -> -337

Sheet Task 6
A1: TASK 6: Follower Retention & Loyalty
A2: Weekly Growth | Peak Week | Moving Average | Ad Spend Correlation | G2: Weekly Follower Growth Rate Per Platform
A3: Platform | B3: Peak Week | C3: Peak New Followers
A4: Facebook | B4: {=INDEX('Engagement Summary'!A2:A201,MATCH(_xlfn.MAXIFS('Engagement Summary'!C2:C201,'Engagement Summary'!B2:B201,'Task 6'!A4),IF('Engagement Summary'!B2:B201='Task 6'!A4,'Engagement Summary'!C2:C201),0))} -> 45656 | C4: =_xlfn.MAXIFS('Engagement Summary'!C2:C201,'Engagement Summary'!B2:B201,'Task 6'!A4) -> 1980
A5: Instagram | B5: {=INDEX('Engagement Summary'!A3:A202,MATCH(_xlfn.MAXIFS('Engagement Summary'!C3:C202,'Engagement Summary'!B3:B202,'Task 6'!A5),IF('Engagement Summary'!B3:B202='Task 6'!A5,'Engagement Summary'!C3:C202),0))} -> 45488 | C5: =_xlfn.MAXIFS('Engagement Summary'!C3:C202,'Engagement Summary'!B3:B202,'Task 6'!A5) -> 1960
A6: Twitter | B6: {=INDEX('Engagement Summary'!A4:A203,MATCH(_xlfn.MAXIFS('Engagement Summary'!C4:C203,'Engagement Summary'!B4:B203,'Task 6'!A6),IF('Engagement Summary'!B4:B203='Task 6'!A6,'Engagement Summary'!C4:C203),0))} -> 45747 | C6: =_xlfn.MAXIFS('Engagement Summary'!C4:C203,'Engagement Summary'!B4:B203,'Task 6'!A6) -> 1946
A7: Youtube | B7: {=INDEX('Engagement Summary'!A5:A204,MATCH(_xlfn.MAXIFS('Engagement Summary'!C5:C204,'Engagement Summary'!B5:B204,'Task 6'!A7),IF('Engagement Summary'!B5:B204='Task 6'!A7,'Engagement Summary'!C5:C204),0))} -> 45747 | C7: =_xlfn.MAXIFS('Engagement Summary'!C5:C204,'Engagement Summary'!B5:B204,'Task 6'!A7) -> 1957
A20: Weeks | B20: New Follower | C20: 4 Week Average
A21: {=_xlfn._xlws.FILTER('Task 6 Data'!A2:A201,'Task 6 Data'!B2:B201="Instagram")} -> 45446 | B21: {=_xlfn._xlws.FILTER('Task 6 Data'!C:C,'Task 6 Data'!B:B="Instagram")} -> 1135 | C21: {=_xlfn._xlws.FILTER('Task 6 Data'!I:I,'Task 6 Data'!B:B="Instagram")} -> 888.5
A22: 45453 | B22: 656 | C22: 745
A23: 45460 | B23: 1048 | C23: 976.75
A24: 45467 | B24: 911 | C24: 752.75
A25: 45474 | B25: 226 | C25: 323.25
A26: 45481 | B26: 1757 | C26: 760.5
A27: 45488 | B27: 1960 | C27: 567.5
A28: 45495 | B28: 508 | C28: 688.25
A29: 45502 | B29: 653 | C29: 548.25
A30: 45509 | B30: 645 | C30: 200.5
A31: 45516 | B31: 1528 | C31: 932
A32: 45523 | B32: 215 | C32: 747.25
A33: 45530 | B33: 1685 | C33: 725.75
... A70: 45789 | B70: 1765 | C70: 498.75
A73: Row Labels | B73: Sum of Ad_Spend | C73: Sum of Net Followers
A74: Facebook | B74: 1379539 | C74: 35557
A75: Instagram | B75: 1164373 | C75: 48004
A76: Twitter | B76: 1060357 | C76: 41177
A77: YouTube | B77: 1228647 | C77: 35367
A78: Grand Total | B78: 4832916 | C78: 160105

Sheet Task 7
A1: Project Video Explanation
